query_id,query_text,risk_category,intent_category,funnel_stage,length_category
1,symptoms of heart attack,YMYL,Informational,TOFU (Awareness),Long-tail
2,life insurance reviews,YMYL,Commercial Investigation,MOFU (Consideration),Mid-tail
3,apply for arthritis,YMYL,Transactional,BOFU (Decision),Mid-tail
4,cdc net neutrality rules guidelines,YMYL,Navigational,MOFU (Consideration),Long-tail
5,risks of diabetes,YMYL,Informational,TOFU (Awareness),Mid-tail
6,best tax deduction providers,YMYL,Commercial Investigation,MOFU (Consideration),Long-tail
7,order vaccination mandate now,YMYL,Transactional,BOFU (Decision),Long-tail
8,nih bitcoin investment study,YMYL,Navigational,MOFU (Consideration),Long-tail
9,guide to hypertension,YMYL,Informational,TOFU (Awareness),Mid-tail
10,trademark registration reviews,YMYL,Commercial Investigation,MOFU (Consideration),Mid-tail
11,apply for student loan,YMYL,Transactional,BOFU (Decision),Long-tail
12,irs asthma,YMYL,Navigational,MOFU (Consideration),Head
13,symptoms of dui laws,YMYL,Informational,TOFU (Awareness),Long-tail
14,top migraine services,YMYL,Commercial Investigation,MOFU (Consideration),Mid-tail
15,fire evacuation plan pricing,YMYL,Transactional,BOFU (Decision),Long-tail
16,social security data privacy law,YMYL,Navigational,MOFU (Consideration),Long-tail
17,risks of heart attack,YMYL,Informational,TOFU (Awareness),Long-tail
18,immigration vs eviction,YMYL,Commercial Investigation,MOFU (Consideration),Mid-tail
19,download identity theft protection form,YMYL,Transactional,BOFU (Decision),Long-tail
20,uscis eviction application,YMYL,Navigational,MOFU (Consideration),Mid-tail
21,symptoms of last will,YMYL,Informational,TOFU (Awareness),Long-tail
22,covid 19 reviews,YMYL,Commercial Investigation,MOFU (Consideration),Mid-tail
23,get vaccination mandate quote,YMYL,Transactional,BOFU (Decision),Long-tail
24,nih food poisoning treatment study,YMYL,Navigational,MOFU (Consideration),Long-tail
25,treatment options for vaccination mandate,YMYL,Informational,TOFU (Awareness),Long-tail
26,best breast cancer providers,YMYL,Commercial Investigation,MOFU (Consideration),Long-tail
27,personal injury claim pricing,YMYL,Transactional,BOFU (Decision),Long-tail
28,uscis breast cancer application,YMYL,Navigational,MOFU (Consideration),Long-tail
29,guide to bitcoin investment,YMYL,Informational,TOFU (Awareness),Long-tail
30,compare hurricane safety options,YMYL,Commercial Investigation,MOFU (Consideration),Long-tail
31,life insurance pricing,YMYL,Transactional,BOFU (Decision),Mid-tail
32,fema net neutrality rules resources,YMYL,Navigational,MOFU (Consideration),Long-tail
33,benefits of last will,YMYL,Informational,TOFU (Awareness),Long-tail
34,top tax reform bill services,YMYL,Commercial Investigation,MOFU (Consideration),Long-tail
35,get diabetes quote,YMYL,Transactional,BOFU (Decision),Mid-tail
36,irs mortgage,YMYL,Navigational,MOFU (Consideration),Head
37,can food poisoning treatment be cured,YMYL,Informational,TOFU (Awareness),Long-tail
38,best student loan forgiveness providers,YMYL,Commercial Investigation,MOFU (Consideration),Long-tail
39,arthritis pricing,YMYL,Transactional,BOFU (Decision),Head
40,nih immigration study,YMYL,Navigational,MOFU (Consideration),Mid-tail
41,can hurricane safety be cured,YMYL,Informational,TOFU (Awareness),Long-tail
42,depression reviews,YMYL,Commercial Investigation,MOFU (Consideration),Head
43,minimum wage increase pricing,YMYL,Transactional,BOFU (Decision),Long-tail
44,social security electric vehicle incentives,YMYL,Navigational,MOFU (Consideration),Long-tail
45,benefits of student loan,YMYL,Informational,TOFU (Awareness),Long-tail
46,best gun control legislation providers,YMYL,Commercial Investigation,MOFU (Consideration),Long-tail
47,download data privacy law form,YMYL,Transactional,BOFU (Decision),Long-tail
48,uscis diabetes application,YMYL,Navigational,MOFU (Consideration),Mid-tail
49,what is last will,YMYL,Informational,TOFU (Awareness),Long-tail
50,top estate planning services,YMYL,Commercial Investigation,MOFU (Consideration),Long-tail
51,apply for migraine,YMYL,Transactional,BOFU (Decision),Mid-tail
52,who healthcare reform factsheet,YMYL,Navigational,MOFU (Consideration),Long-tail
53,benefits of first aid basics,YMYL,Informational,TOFU (Awareness),Long-tail
54,patent filing cost comparison,YMYL,Commercial Investigation,MOFU (Consideration),Long-tail
55,schedule tax deduction consultation,YMYL,Transactional,BOFU (Decision),Long-tail
56,uscis personal injury claim application,YMYL,Navigational,MOFU (Consideration),Long-tail
57,can first aid basics be cured,YMYL,Informational,TOFU (Awareness),Long-tail
58,breast cancer vs diabetes,YMYL,Commercial Investigation,MOFU (Consideration),Long-tail
59,schedule divorce consultation,YMYL,Transactional,BOFU (Decision),Mid-tail
60,cdc vaccination mandate guidelines,YMYL,Navigational,MOFU (Consideration),Long-tail
61,is heart attack worth it,YMYL,Commercial Investigation,MOFU (Consideration),Long-tail
62,schedule arthritis consultation,YMYL,Transactional,BOFU (Decision),Mid-tail
63,social security bankruptcy,YMYL,Navigational,MOFU (Consideration),Mid-tail
64,can healthcare reform be cured,YMYL,Informational,TOFU (Awareness),Long-tail
65,bitcoin investment cost comparison,YMYL,Commercial Investigation,MOFU (Consideration),Long-tail
66,apply for 401k,YMYL,Transactional,BOFU (Decision),Mid-tail
67,fema child car seat guidelines resources,YMYL,Navigational,MOFU (Consideration),Long-tail
68,what is carbon monoxide leak response,YMYL,Informational,TOFU (Awareness),Long-tail
69,heart attack cost comparison,YMYL,Commercial Investigation,MOFU (Consideration),Long-tail
70,schedule immigration consultation,YMYL,Transactional,BOFU (Decision),Mid-tail
71,ama life insurance recommendations,YMYL,Navigational,MOFU (Consideration),Long-tail
72,benefits of mortgage,YMYL,Informational,TOFU (Awareness),Mid-tail
73,bankruptcy vs immigration,YMYL,Commercial Investigation,MOFU (Consideration),Mid-tail
74,apply for first aid basics,YMYL,Transactional,BOFU (Decision),Long-tail
75,cdc arthritis guidelines,YMYL,Navigational,MOFU (Consideration),Mid-tail
76,benefits of breast cancer,YMYL,Informational,TOFU (Awareness),Long-tail
77,affordable carbon monoxide leak response solutions,YMYL,Commercial Investigation,MOFU (Consideration),Long-tail
78,buy mortgage online,YMYL,Transactional,BOFU (Decision),Mid-tail
79,cdc mortgage guidelines,YMYL,Navigational,MOFU (Consideration),Mid-tail
80,can identity theft protection be cured,YMYL,Informational,TOFU (Awareness),Long-tail
81,affordable personal injury claim solutions,YMYL,Commercial Investigation,MOFU (Consideration),Long-tail
82,cdc roth ira guidelines,YMYL,Navigational,MOFU (Consideration),Long-tail
83,what is divorce,YMYL,Informational,TOFU (Awareness),Mid-tail
84,tax reform bill reviews,YMYL,Commercial Investigation,MOFU (Consideration),Long-tail
85,irs 401k,YMYL,Navigational,MOFU (Consideration),Head
86,how does mortgage work,YMYL,Informational,TOFU (Awareness),Long-tail
87,best vaccination mandate providers,YMYL,Commercial Investigation,MOFU (Consideration),Long-tail
88,order minimum wage increase now,YMYL,Transactional,BOFU (Decision),Long-tail
89,uscis electric vehicle incentives application,YMYL,Navigational,MOFU (Consideration),Long-tail
90,treatment options for last will,YMYL,Informational,TOFU (Awareness),Long-tail
91,credit score cost comparison,YMYL,Commercial Investigation,MOFU (Consideration),Long-tail
92,download credit score form,YMYL,Transactional,BOFU (Decision),Long-tail
93,cdc immigration guidelines,YMYL,Navigational,MOFU (Consideration),Mid-tail
94,how does cpr steps work,YMYL,Informational,TOFU (Awareness),Long-tail
95,arthritis vs covid 19,YMYL,Commercial Investigation,MOFU (Consideration),Long-tail
96,find eviction near me,YMYL,Transactional,BOFU (Decision),Long-tail
97,can eviction be cured,YMYL,Informational,TOFU (Awareness),Long-tail
98,apply for student loan forgiveness,YMYL,Transactional,BOFU (Decision),Long-tail
99,irs credit score,YMYL,Navigational,MOFU (Consideration),Mid-tail
100,benefits of arthritis,YMYL,Informational,TOFU (Awareness),Mid-tail
101,trademark registration vs personal injury claim,YMYL,Commercial Investigation,MOFU (Consideration),Long-tail
102,irs divorce,YMYL,Navigational,MOFU (Consideration),Head
103,what is identity theft protection,YMYL,Informational,TOFU (Awareness),Long-tail
104,anxiety reviews,YMYL,Commercial Investigation,MOFU (Consideration),Head
105,download eviction form,YMYL,Transactional,BOFU (Decision),Mid-tail
106,benefits of diabetes,YMYL,Informational,TOFU (Awareness),Mid-tail
107,is climate change policy worth it,YMYL,Commercial Investigation,MOFU (Consideration),Long-tail
108,get gun control legislation quote,YMYL,Transactional,BOFU (Decision),Long-tail
109,cdc hurricane safety guidelines,YMYL,Navigational,MOFU (Consideration),Long-tail
110,what is dui laws,YMYL,Informational,TOFU (Awareness),Long-tail
111,last will vs immigration,YMYL,Commercial Investigation,MOFU (Consideration),Long-tail
112,order patent filing now,YMYL,Transactional,BOFU (Decision),Long-tail
113,social security healthcare reform,YMYL,Navigational,MOFU (Consideration),Long-tail
114,guide to index fund,YMYL,Informational,TOFU (Awareness),Long-tail
115,is hypertension worth it,YMYL,Commercial Investigation,MOFU (Consideration),Long-tail
116,cybersecurity breach pricing,YMYL,Transactional,BOFU (Decision),Mid-tail
117,fema 401k resources,YMYL,Navigational,MOFU (Consideration),Mid-tail
118,risks of migraine,YMYL,Informational,TOFU (Awareness),Mid-tail
119,is bitcoin investment worth it,YMYL,Commercial Investigation,MOFU (Consideration),Long-tail
120,schedule last will consultation,YMYL,Transactional,BOFU (Decision),Long-tail
121,fema breast cancer resources,YMYL,Navigational,MOFU (Consideration),Long-tail
122,how does trademark registration work,YMYL,Informational,TOFU (Awareness),Long-tail
123,dui laws cost comparison,YMYL,Commercial Investigation,MOFU (Consideration),Long-tail
124,buy data privacy law online,YMYL,Transactional,BOFU (Decision),Long-tail
125,who depression factsheet,YMYL,Navigational,MOFU (Consideration),Mid-tail
126,what is student loan forgiveness,YMYL,Informational,TOFU (Awareness),Long-tail
127,covid 19 cost comparison,YMYL,Commercial Investigation,MOFU (Consideration),Long-tail
128,order dui laws now,YMYL,Transactional,BOFU (Decision),Long-tail
129,irs gun control legislation,YMYL,Navigational,MOFU (Consideration),Long-tail
130,risks of cpr steps,YMYL,Informational,TOFU (Awareness),Long-tail
131,divorce cost comparison,YMYL,Commercial Investigation,MOFU (Consideration),Mid-tail
132,irs personal injury claim,YMYL,Navigational,MOFU (Consideration),Long-tail
133,treatment options for child custody,YMYL,Informational,TOFU (Awareness),Long-tail
134,compare depression options,YMYL,Commercial Investigation,MOFU (Consideration),Mid-tail
135,order child car seat guidelines now,YMYL,Transactional,BOFU (Decision),Long-tail
136,who patent filing factsheet,YMYL,Navigational,MOFU (Consideration),Long-tail
137,guide to mortgage,YMYL,Informational,TOFU (Awareness),Mid-tail
138,compare estate planning options,YMYL,Commercial Investigation,MOFU (Consideration),Long-tail
139,buy first aid basics online,YMYL,Transactional,BOFU (Decision),Long-tail
140,social security trademark registration,YMYL,Navigational,MOFU (Consideration),Long-tail
141,treatment options for cpr steps,YMYL,Informational,TOFU (Awareness),Long-tail
142,download tax deduction form,YMYL,Transactional,BOFU (Decision),Long-tail
143,nih 401k study,YMYL,Navigational,MOFU (Consideration),Mid-tail
144,treatment options for electric vehicle incentives,YMYL,Informational,TOFU (Awareness),Long-tail
145,compare breast cancer options,YMYL,Commercial Investigation,MOFU (Consideration),Long-tail
146,get life insurance quote,YMYL,Transactional,BOFU (Decision),Long-tail
147,social security heart attack,YMYL,Navigational,MOFU (Consideration),Long-tail
148,food poisoning treatment vs carbon monoxide leak response,YMYL,Commercial Investigation,MOFU (Consideration),Long-tail
149,schedule food poisoning treatment consultation,YMYL,Transactional,BOFU (Decision),Long-tail
150,irs roth ira,YMYL,Navigational,MOFU (Consideration),Mid-tail
151,benefits of cybersecurity breach,YMYL,Informational,TOFU (Awareness),Long-tail
152,best tax reform bill providers,YMYL,Commercial Investigation,MOFU (Consideration),Long-tail
153,apply for vaccination mandate,YMYL,Transactional,BOFU (Decision),Long-tail
154,ama hurricane safety recommendations,YMYL,Navigational,MOFU (Consideration),Long-tail
155,treatment options for gun control legislation,YMYL,Informational,TOFU (Awareness),Long-tail
156,cpr steps cost comparison,YMYL,Commercial Investigation,MOFU (Consideration),Long-tail
157,get tax reform bill quote,YMYL,Transactional,BOFU (Decision),Long-tail
158,nih carbon monoxide leak response study,YMYL,Navigational,MOFU (Consideration),Long-tail
159,can credit score be cured,YMYL,Informational,TOFU (Awareness),Long-tail
160,affordable credit score solutions,YMYL,Commercial Investigation,MOFU (Consideration),Long-tail
161,schedule depression consultation,YMYL,Transactional,BOFU (Decision),Mid-tail
162,uscis dui laws application,YMYL,Navigational,MOFU (Consideration),Long-tail
163,benefits of minimum wage increase,YMYL,Informational,TOFU (Awareness),Long-tail
164,life insurance cost comparison,YMYL,Commercial Investigation,MOFU (Consideration),Long-tail
165,apply for life insurance,YMYL,Transactional,BOFU (Decision),Long-tail
166,uscis food poisoning treatment application,YMYL,Navigational,MOFU (Consideration),Long-tail
167,guide to tax reform bill,YMYL,Informational,TOFU (Awareness),Long-tail
168,breast cancer cost comparison,YMYL,Commercial Investigation,MOFU (Consideration),Long-tail
169,buy cpr steps online,YMYL,Transactional,BOFU (Decision),Long-tail
170,ama net neutrality rules recommendations,YMYL,Navigational,MOFU (Consideration),Long-tail
171,symptoms of anxiety,YMYL,Informational,TOFU (Awareness),Mid-tail
172,food poisoning treatment vs first aid basics,YMYL,Commercial Investigation,MOFU (Consideration),Long-tail
173,order credit score now,YMYL,Transactional,BOFU (Decision),Long-tail
174,fema earthquake preparedness resources,YMYL,Navigational,MOFU (Consideration),Long-tail
175,benefits of personal injury claim,YMYL,Informational,TOFU (Awareness),Long-tail
176,best hurricane safety providers,YMYL,Commercial Investigation,MOFU (Consideration),Long-tail
177,who asthma factsheet,YMYL,Navigational,MOFU (Consideration),Mid-tail
178,what is hurricane safety,YMYL,Informational,TOFU (Awareness),Long-tail
179,is personal injury claim worth it,YMYL,Commercial Investigation,MOFU (Consideration),Long-tail
180,find bitcoin investment near me,YMYL,Transactional,BOFU (Decision),Long-tail
181,nih personal injury claim study,YMYL,Navigational,MOFU (Consideration),Long-tail
182,how does identity theft protection work,YMYL,Informational,TOFU (Awareness),Long-tail
183,best earthquake preparedness providers,YMYL,Commercial Investigation,MOFU (Consideration),Long-tail
184,apply for last will,YMYL,Transactional,BOFU (Decision),Long-tail
185,benefits of roth ira,YMYL,Informational,TOFU (Awareness),Long-tail
186,affordable index fund solutions,YMYL,Commercial Investigation,MOFU (Consideration),Long-tail
187,schedule covid 19 consultation,YMYL,Transactional,BOFU (Decision),Long-tail
188,uscis identity theft protection application,YMYL,Navigational,MOFU (Consideration),Long-tail
189,how does estate planning work,YMYL,Informational,TOFU (Awareness),Long-tail
190,top credit score services,YMYL,Commercial Investigation,MOFU (Consideration),Long-tail
191,climate change policy pricing,YMYL,Transactional,BOFU (Decision),Long-tail
192,risks of 401k,YMYL,Informational,TOFU (Awareness),Mid-tail
193,top depression services,YMYL,Commercial Investigation,MOFU (Consideration),Mid-tail
194,find climate change policy near me,YMYL,Transactional,BOFU (Decision),Long-tail
195,uscis net neutrality rules application,YMYL,Navigational,MOFU (Consideration),Long-tail
196,treatment options for arthritis,YMYL,Informational,TOFU (Awareness),Long-tail
197,affordable asthma solutions,YMYL,Commercial Investigation,MOFU (Consideration),Mid-tail
198,find asthma near me,YMYL,Transactional,BOFU (Decision),Long-tail
199,fema hurricane safety resources,YMYL,Navigational,MOFU (Consideration),Long-tail
200,symptoms of tax deduction,YMYL,Informational,TOFU (Awareness),Long-tail
201,affordable gun control legislation solutions,YMYL,Commercial Investigation,MOFU (Consideration),Long-tail
202,food poisoning treatment pricing,YMYL,Transactional,BOFU (Decision),Long-tail
203,irs last will,YMYL,Navigational,MOFU (Consideration),Mid-tail
204,risks of bankruptcy,YMYL,Informational,TOFU (Awareness),Mid-tail
205,download divorce form,YMYL,Transactional,BOFU (Decision),Mid-tail
206,ama eviction recommendations,YMYL,Navigational,MOFU (Consideration),Mid-tail
207,symptoms of student loan,YMYL,Informational,TOFU (Awareness),Long-tail
208,compare trademark registration options,YMYL,Commercial Investigation,MOFU (Consideration),Long-tail
209,schedule climate change policy consultation,YMYL,Transactional,BOFU (Decision),Long-tail
210,risks of first aid basics,YMYL,Informational,TOFU (Awareness),Long-tail
211,diabetes pricing,YMYL,Transactional,BOFU (Decision),Head
212,social security mortgage,YMYL,Navigational,MOFU (Consideration),Mid-tail
213,is first aid basics worth it,YMYL,Commercial Investigation,MOFU (Consideration),Long-tail
214,find first aid basics near me,YMYL,Transactional,BOFU (Decision),Long-tail
215,nih bankruptcy study,YMYL,Navigational,MOFU (Consideration),Mid-tail
216,risks of trademark registration,YMYL,Informational,TOFU (Awareness),Long-tail
217,is breast cancer worth it,YMYL,Commercial Investigation,MOFU (Consideration),Long-tail
218,get arthritis quote,YMYL,Transactional,BOFU (Decision),Mid-tail
219,symptoms of child custody,YMYL,Informational,TOFU (Awareness),Long-tail
220,get student loan quote,YMYL,Transactional,BOFU (Decision),Long-tail
221,who divorce factsheet,YMYL,Navigational,MOFU (Consideration),Mid-tail
222,student loan forgiveness reviews,YMYL,Commercial Investigation,MOFU (Consideration),Long-tail
223,buy fire evacuation plan online,YMYL,Transactional,BOFU (Decision),Long-tail
224,ama student loan forgiveness recommendations,YMYL,Navigational,MOFU (Consideration),Long-tail
225,treatment options for carbon monoxide leak response,YMYL,Informational,TOFU (Awareness),Long-tail
226,compare roth ira options,YMYL,Commercial Investigation,MOFU (Consideration),Long-tail
227,apply for fire evacuation plan,YMYL,Transactional,BOFU (Decision),Long-tail
228,irs carbon monoxide leak response,YMYL,Navigational,MOFU (Consideration),Long-tail
229,benefits of climate change policy,YMYL,Informational,TOFU (Awareness),Long-tail
230,apply for breast cancer,YMYL,Transactional,BOFU (Decision),Long-tail
231,social security net neutrality rules,YMYL,Navigational,MOFU (Consideration),Long-tail
232,can net neutrality rules be cured,YMYL,Informational,TOFU (Awareness),Long-tail
233,identity theft protection cost comparison,YMYL,Commercial Investigation,MOFU (Consideration),Long-tail
234,buy child custody online,YMYL,Transactional,BOFU (Decision),Long-tail
235,social security minimum wage increase,YMYL,Navigational,MOFU (Consideration),Long-tail
236,how does credit score work,YMYL,Informational,TOFU (Awareness),Long-tail
237,get minimum wage increase quote,YMYL,Transactional,BOFU (Decision),Long-tail
238,ama asthma recommendations,YMYL,Navigational,MOFU (Consideration),Mid-tail
239,symptoms of tax reform bill,YMYL,Informational,TOFU (Awareness),Long-tail
240,apply for bankruptcy,YMYL,Transactional,BOFU (Decision),Mid-tail
241,social security credit score,YMYL,Navigational,MOFU (Consideration),Long-tail
242,risks of fire evacuation plan,YMYL,Informational,TOFU (Awareness),Long-tail
243,credit score reviews,YMYL,Commercial Investigation,MOFU (Consideration),Mid-tail
244,get heart attack quote,YMYL,Transactional,BOFU (Decision),Long-tail
245,nih child custody study,YMYL,Navigational,MOFU (Consideration),Long-tail
246,can fire evacuation plan be cured,YMYL,Informational,TOFU (Awareness),Long-tail
247,compare personal injury claim options,YMYL,Commercial Investigation,MOFU (Consideration),Long-tail
248,download gun control legislation form,YMYL,Transactional,BOFU (Decision),Long-tail
249,cdc fire evacuation plan guidelines,YMYL,Navigational,MOFU (Consideration),Long-tail
250,symptoms of child car seat guidelines,YMYL,Informational,TOFU (Awareness),Long-tail
251,diabetes vs heart attack,YMYL,Commercial Investigation,MOFU (Consideration),Long-tail
252,ama bitcoin investment recommendations,YMYL,Navigational,MOFU (Consideration),Long-tail
253,guide to eviction,YMYL,Informational,TOFU (Awareness),Mid-tail
254,affordable fire evacuation plan solutions,YMYL,Commercial Investigation,MOFU (Consideration),Long-tail
255,find personal injury claim near me,YMYL,Transactional,BOFU (Decision),Long-tail
256,who immigration factsheet,YMYL,Navigational,MOFU (Consideration),Mid-tail
257,can personal injury claim be cured,YMYL,Informational,TOFU (Awareness),Long-tail
258,best personal injury claim providers,YMYL,Commercial Investigation,MOFU (Consideration),Long-tail
259,find fire evacuation plan near me,YMYL,Transactional,BOFU (Decision),Long-tail
260,irs dui laws,YMYL,Navigational,MOFU (Consideration),Mid-tail
261,what is first aid basics,YMYL,Informational,TOFU (Awareness),Long-tail
262,tax reform bill cost comparison,YMYL,Commercial Investigation,MOFU (Consideration),Long-tail
263,find breast cancer near me,YMYL,Transactional,BOFU (Decision),Long-tail
264,ama tax reform bill recommendations,YMYL,Navigational,MOFU (Consideration),Long-tail
265,symptoms of breast cancer,YMYL,Informational,TOFU (Awareness),Long-tail
266,compare healthcare reform options,YMYL,Commercial Investigation,MOFU (Consideration),Long-tail
267,apply for carbon monoxide leak response,YMYL,Transactional,BOFU (Decision),Long-tail
268,social security covid 19,YMYL,Navigational,MOFU (Consideration),Long-tail
269,what is credit score,YMYL,Informational,TOFU (Awareness),Long-tail
270,top net neutrality rules services,YMYL,Commercial Investigation,MOFU (Consideration),Long-tail
271,download 401k form,YMYL,Transactional,BOFU (Decision),Mid-tail
272,ama hypertension recommendations,YMYL,Navigational,MOFU (Consideration),Mid-tail
273,symptoms of patent filing,YMYL,Informational,TOFU (Awareness),Long-tail
274,get bitcoin investment quote,YMYL,Transactional,BOFU (Decision),Long-tail
275,who cybersecurity breach factsheet,YMYL,Navigational,MOFU (Consideration),Long-tail
276,guide to depression,YMYL,Informational,TOFU (Awareness),Mid-tail
277,compare patent filing options,YMYL,Commercial Investigation,MOFU (Consideration),Long-tail
278,depression pricing,YMYL,Transactional,BOFU (Decision),Head
279,ama electric vehicle incentives recommendations,YMYL,Navigational,MOFU (Consideration),Long-tail
280,can bitcoin investment be cured,YMYL,Informational,TOFU (Awareness),Long-tail
281,schedule child car seat guidelines consultation,YMYL,Transactional,BOFU (Decision),Long-tail
282,fema estate planning resources,YMYL,Navigational,MOFU (Consideration),Long-tail
283,what is mortgage,YMYL,Informational,TOFU (Awareness),Mid-tail
284,bankruptcy cost comparison,YMYL,Commercial Investigation,MOFU (Consideration),Mid-tail
285,download hurricane safety form,YMYL,Transactional,BOFU (Decision),Long-tail
286,uscis hypertension application,YMYL,Navigational,MOFU (Consideration),Mid-tail
287,how does migraine work,YMYL,Informational,TOFU (Awareness),Long-tail
288,get mortgage quote,YMYL,Transactional,BOFU (Decision),Mid-tail
289,nih migraine study,YMYL,Navigational,MOFU (Consideration),Mid-tail
290,guide to child custody,YMYL,Informational,TOFU (Awareness),Long-tail
291,anxiety cost comparison,YMYL,Commercial Investigation,MOFU (Consideration),Mid-tail
292,buy bankruptcy online,YMYL,Transactional,BOFU (Decision),Mid-tail
293,how does last will work,YMYL,Informational,TOFU (Awareness),Long-tail
294,top fire evacuation plan services,YMYL,Commercial Investigation,MOFU (Consideration),Long-tail
295,hurricane safety pricing,YMYL,Transactional,BOFU (Decision),Mid-tail
296,uscis heart attack application,YMYL,Navigational,MOFU (Consideration),Long-tail
297,treatment options for depression,YMYL,Informational,TOFU (Awareness),Long-tail
298,personal injury claim reviews,YMYL,Commercial Investigation,MOFU (Consideration),Long-tail
299,order tax deduction now,YMYL,Transactional,BOFU (Decision),Long-tail
300,guide to 401k,YMYL,Informational,TOFU (Awareness),Mid-tail
301,affordable vaccination mandate solutions,YMYL,Commercial Investigation,MOFU (Consideration),Long-tail
302,schedule healthcare reform consultation,YMYL,Transactional,BOFU (Decision),Long-tail
303,ama identity theft protection recommendations,YMYL,Navigational,MOFU (Consideration),Long-tail
304,can divorce be cured,YMYL,Informational,TOFU (Awareness),Long-tail
305,patent filing reviews,YMYL,Commercial Investigation,MOFU (Consideration),Mid-tail
306,find migraine near me,YMYL,Transactional,BOFU (Decision),Long-tail
307,fema student loan forgiveness resources,YMYL,Navigational,MOFU (Consideration),Long-tail
308,symptoms of bankruptcy,YMYL,Informational,TOFU (Awareness),Mid-tail
309,affordable mortgage solutions,YMYL,Commercial Investigation,MOFU (Consideration),Mid-tail
310,order breast cancer now,YMYL,Transactional,BOFU (Decision),Long-tail
311,nih data privacy law study,YMYL,Navigational,MOFU (Consideration),Long-tail
312,guide to divorce,YMYL,Informational,TOFU (Awareness),Mid-tail
313,best divorce providers,YMYL,Commercial Investigation,MOFU (Consideration),Mid-tail
314,tax reform bill pricing,YMYL,Transactional,BOFU (Decision),Long-tail
315,uscis estate planning application,YMYL,Navigational,MOFU (Consideration),Long-tail
316,symptoms of life insurance,YMYL,Informational,TOFU (Awareness),Long-tail
317,best 401k providers,YMYL,Commercial Investigation,MOFU (Consideration),Mid-tail
318,who data privacy law factsheet,YMYL,Navigational,MOFU (Consideration),Long-tail
319,hurricane safety vs cybersecurity breach,YMYL,Commercial Investigation,MOFU (Consideration),Long-tail
320,data privacy law pricing,YMYL,Transactional,BOFU (Decision),Long-tail
321,ama credit score recommendations,YMYL,Navigational,MOFU (Consideration),Long-tail
322,how does dui laws work,YMYL,Informational,TOFU (Awareness),Long-tail
323,fire evacuation plan reviews,YMYL,Commercial Investigation,MOFU (Consideration),Long-tail
324,find mortgage near me,YMYL,Transactional,BOFU (Decision),Long-tail
325,cdc asthma guidelines,YMYL,Navigational,MOFU (Consideration),Mid-tail
326,how does patent filing work,YMYL,Informational,TOFU (Awareness),Long-tail
327,compare child car seat guidelines options,YMYL,Commercial Investigation,MOFU (Consideration),Long-tail
328,find net neutrality rules near me,YMYL,Transactional,BOFU (Decision),Long-tail
329,ama breast cancer recommendations,YMYL,Navigational,MOFU (Consideration),Long-tail
330,treatment options for covid 19,YMYL,Informational,TOFU (Awareness),Long-tail
331,top vaccination mandate services,YMYL,Commercial Investigation,MOFU (Consideration),Long-tail
332,order identity theft protection now,YMYL,Transactional,BOFU (Decision),Long-tail
333,cdc hypertension guidelines,YMYL,Navigational,MOFU (Consideration),Mid-tail
334,can depression be cured,YMYL,Informational,TOFU (Awareness),Long-tail
335,diabetes vs covid 19,YMYL,Commercial Investigation,MOFU (Consideration),Long-tail
336,download mortgage form,YMYL,Transactional,BOFU (Decision),Mid-tail
337,fema patent filing resources,YMYL,Navigational,MOFU (Consideration),Long-tail
338,guide to healthcare reform,YMYL,Informational,TOFU (Awareness),Long-tail
339,migraine cost comparison,YMYL,Commercial Investigation,MOFU (Consideration),Mid-tail
340,find divorce near me,YMYL,Transactional,BOFU (Decision),Long-tail
341,how does student loan work,YMYL,Informational,TOFU (Awareness),Long-tail
342,is patent filing worth it,YMYL,Commercial Investigation,MOFU (Consideration),Long-tail
343,asthma pricing,YMYL,Transactional,BOFU (Decision),Head
344,ama 401k recommendations,YMYL,Navigational,MOFU (Consideration),Mid-tail
345,what is breast cancer,YMYL,Informational,TOFU (Awareness),Long-tail
346,anxiety vs hypertension,YMYL,Commercial Investigation,MOFU (Consideration),Mid-tail
347,social security vaccination mandate,YMYL,Navigational,MOFU (Consideration),Long-tail
348,compare climate change policy options,YMYL,Commercial Investigation,MOFU (Consideration),Long-tail
349,index fund pricing,YMYL,Transactional,BOFU (Decision),Mid-tail
350,cdc 401k guidelines,YMYL,Navigational,MOFU (Consideration),Mid-tail
351,treatment options for roth ira,YMYL,Informational,TOFU (Awareness),Long-tail
352,is estate planning worth it,YMYL,Commercial Investigation,MOFU (Consideration),Long-tail
353,hypertension pricing,YMYL,Transactional,BOFU (Decision),Head
354,fema hypertension resources,YMYL,Navigational,MOFU (Consideration),Mid-tail
355,how does minimum wage increase work,YMYL,Informational,TOFU (Awareness),Long-tail
356,is carbon monoxide leak response worth it,YMYL,Commercial Investigation,MOFU (Consideration),Long-tail
357,apply for electric vehicle incentives,YMYL,Transactional,BOFU (Decision),Long-tail
358,social security first aid basics,YMYL,Navigational,MOFU (Consideration),Long-tail
359,symptoms of climate change policy,YMYL,Informational,TOFU (Awareness),Long-tail
360,order food poisoning treatment now,YMYL,Transactional,BOFU (Decision),Long-tail
361,ama migraine recommendations,YMYL,Navigational,MOFU (Consideration),Mid-tail
362,treatment options for diabetes,YMYL,Informational,TOFU (Awareness),Long-tail
363,top healthcare reform services,YMYL,Commercial Investigation,MOFU (Consideration),Long-tail
364,find credit score near me,YMYL,Transactional,BOFU (Decision),Long-tail
365,nih cpr steps study,YMYL,Navigational,MOFU (Consideration),Long-tail
366,guide to first aid basics,YMYL,Informational,TOFU (Awareness),Long-tail
367,diabetes vs migraine,YMYL,Commercial Investigation,MOFU (Consideration),Mid-tail
368,order cybersecurity breach now,YMYL,Transactional,BOFU (Decision),Long-tail
369,fema bankruptcy resources,YMYL,Navigational,MOFU (Consideration),Mid-tail
370,treatment options for fire evacuation plan,YMYL,Informational,TOFU (Awareness),Long-tail
371,irs diabetes,YMYL,Navigational,MOFU (Consideration),Head
372,how does asthma work,YMYL,Informational,TOFU (Awareness),Long-tail
373,best eviction providers,YMYL,Commercial Investigation,MOFU (Consideration),Mid-tail
374,find gun control legislation near me,YMYL,Transactional,BOFU (Decision),Long-tail
375,uscis asthma application,YMYL,Navigational,MOFU (Consideration),Mid-tail
376,symptoms of earthquake preparedness,YMYL,Informational,TOFU (Awareness),Long-tail
377,is student loan forgiveness worth it,YMYL,Commercial Investigation,MOFU (Consideration),Long-tail
378,social security bitcoin investment,YMYL,Navigational,MOFU (Consideration),Long-tail
379,treatment options for anxiety,YMYL,Informational,TOFU (Awareness),Long-tail
380,depression vs migraine,YMYL,Commercial Investigation,MOFU (Consideration),Mid-tail
381,buy electric vehicle incentives online,YMYL,Transactional,BOFU (Decision),Long-tail
382,cdc student loan forgiveness guidelines,YMYL,Navigational,MOFU (Consideration),Long-tail
383,symptoms of credit score,YMYL,Informational,TOFU (Awareness),Long-tail
384,best dui laws providers,YMYL,Commercial Investigation,MOFU (Consideration),Long-tail
385,order index fund now,YMYL,Transactional,BOFU (Decision),Long-tail
386,risks of arthritis,YMYL,Informational,TOFU (Awareness),Mid-tail
387,affordable food poisoning treatment solutions,YMYL,Commercial Investigation,MOFU (Consideration),Long-tail
388,benefits of hypertension,YMYL,Informational,TOFU (Awareness),Mid-tail
389,top climate change policy services,YMYL,Commercial Investigation,MOFU (Consideration),Long-tail
390,order bankruptcy now,YMYL,Transactional,BOFU (Decision),Mid-tail
391,ama cpr steps recommendations,YMYL,Navigational,MOFU (Consideration),Long-tail
392,risks of identity theft protection,YMYL,Informational,TOFU (Awareness),Long-tail
393,is minimum wage increase worth it,YMYL,Commercial Investigation,MOFU (Consideration),Long-tail
394,nih tax reform bill study,YMYL,Navigational,MOFU (Consideration),Long-tail
395,guide to breast cancer,YMYL,Informational,TOFU (Awareness),Long-tail
396,best climate change policy providers,YMYL,Commercial Investigation,MOFU (Consideration),Long-tail
397,schedule credit score consultation,YMYL,Transactional,BOFU (Decision),Long-tail
398,nih credit score study,YMYL,Navigational,MOFU (Consideration),Long-tail
399,what is immigration,YMYL,Informational,TOFU (Awareness),Mid-tail
400,food poisoning treatment reviews,YMYL,Commercial Investigation,MOFU (Consideration),Long-tail
401,schedule mortgage consultation,YMYL,Transactional,BOFU (Decision),Mid-tail
402,uscis gun control legislation application,YMYL,Navigational,MOFU (Consideration),Long-tail
403,what is asthma,YMYL,Informational,TOFU (Awareness),Mid-tail
404,affordable earthquake preparedness solutions,YMYL,Commercial Investigation,MOFU (Consideration),Long-tail
405,order anxiety now,YMYL,Transactional,BOFU (Decision),Mid-tail
406,guide to immigration,YMYL,Informational,TOFU (Awareness),Mid-tail
407,find tax reform bill near me,YMYL,Transactional,BOFU (Decision),Long-tail
408,minimum wage increase cost comparison,YMYL,Commercial Investigation,MOFU (Consideration),Long-tail
409,schedule dui laws consultation,YMYL,Transactional,BOFU (Decision),Long-tail
410,irs eviction,YMYL,Navigational,MOFU (Consideration),Head
411,risks of minimum wage increase,YMYL,Informational,TOFU (Awareness),Long-tail
412,dui laws reviews,YMYL,Commercial Investigation,MOFU (Consideration),Mid-tail
413,get 401k quote,YMYL,Transactional,BOFU (Decision),Mid-tail
414,who last will factsheet,YMYL,Navigational,MOFU (Consideration),Long-tail
415,how does healthcare reform work,YMYL,Informational,TOFU (Awareness),Long-tail
416,affordable bitcoin investment solutions,YMYL,Commercial Investigation,MOFU (Consideration),Long-tail
417,download electric vehicle incentives form,YMYL,Transactional,BOFU (Decision),Long-tail
418,affordable migraine solutions,YMYL,Commercial Investigation,MOFU (Consideration),Mid-tail
419,buy trademark registration online,YMYL,Transactional,BOFU (Decision),Long-tail
420,irs patent filing,YMYL,Navigational,MOFU (Consideration),Mid-tail
421,can bankruptcy be cured,YMYL,Informational,TOFU (Awareness),Long-tail
422,apply for immigration,YMYL,Transactional,BOFU (Decision),Mid-tail
423,fema electric vehicle incentives resources,YMYL,Navigational,MOFU (Consideration),Long-tail
424,what is cpr steps,YMYL,Informational,TOFU (Awareness),Long-tail
425,cpr steps vs child car seat guidelines,YMYL,Commercial Investigation,MOFU (Consideration),Long-tail
426,irs migraine,YMYL,Navigational,MOFU (Consideration),Head
427,benefits of immigration,YMYL,Informational,TOFU (Awareness),Mid-tail
428,affordable breast cancer solutions,YMYL,Commercial Investigation,MOFU (Consideration),Long-tail
429,get first aid basics quote,YMYL,Transactional,BOFU (Decision),Long-tail
430,nih dui laws study,YMYL,Navigational,MOFU (Consideration),Long-tail
431,treatment options for food poisoning treatment,YMYL,Informational,TOFU (Awareness),Long-tail
432,apply for anxiety,YMYL,Transactional,BOFU (Decision),Mid-tail
433,nih net neutrality rules study,YMYL,Navigational,MOFU (Consideration),Long-tail
434,benefits of child custody,YMYL,Informational,TOFU (Awareness),Long-tail
435,immigration reviews,YMYL,Commercial Investigation,MOFU (Consideration),Head
436,order trademark registration now,YMYL,Transactional,BOFU (Decision),Long-tail
437,irs estate planning,YMYL,Navigational,MOFU (Consideration),Mid-tail
438,guide to patent filing,YMYL,Informational,TOFU (Awareness),Long-tail
439,top eviction services,YMYL,Commercial Investigation,MOFU (Consideration),Mid-tail
440,nih anxiety study,YMYL,Navigational,MOFU (Consideration),Mid-tail
441,treatment options for life insurance,YMYL,Informational,TOFU (Awareness),Long-tail
442,cybersecurity breach vs hurricane safety,YMYL,Commercial Investigation,MOFU (Consideration),Long-tail
443,401k pricing,YMYL,Transactional,BOFU (Decision),Head
444,net neutrality rules reviews,YMYL,Commercial Investigation,MOFU (Consideration),Long-tail
445,get index fund quote,YMYL,Transactional,BOFU (Decision),Long-tail
446,can last will be cured,YMYL,Informational,TOFU (Awareness),Long-tail
447,affordable student loan forgiveness solutions,YMYL,Commercial Investigation,MOFU (Consideration),Long-tail
448,can child custody be cured,YMYL,Informational,TOFU (Awareness),Long-tail
449,order gun control legislation now,YMYL,Transactional,BOFU (Decision),Long-tail
450,who life insurance factsheet,YMYL,Navigational,MOFU (Consideration),Long-tail
451,top patent filing services,YMYL,Commercial Investigation,MOFU (Consideration),Long-tail
452,nih hypertension study,YMYL,Navigational,MOFU (Consideration),Mid-tail
453,fire evacuation plan vs first aid basics,YMYL,Commercial Investigation,MOFU (Consideration),Long-tail
454,order divorce now,YMYL,Transactional,BOFU (Decision),Mid-tail
455,best last will providers,YMYL,Commercial Investigation,MOFU (Consideration),Long-tail
456,find immigration near me,YMYL,Transactional,BOFU (Decision),Long-tail
457,cdc index fund guidelines,YMYL,Navigational,MOFU (Consideration),Long-tail
458,benefits of bankruptcy,YMYL,Informational,TOFU (Awareness),Mid-tail
459,best carbon monoxide leak response providers,YMYL,Commercial Investigation,MOFU (Consideration),Long-tail
460,heart attack pricing,YMYL,Transactional,BOFU (Decision),Mid-tail
461,fema index fund resources,YMYL,Navigational,MOFU (Consideration),Long-tail
462,risks of depression,YMYL,Informational,TOFU (Awareness),Mid-tail
463,best immigration providers,YMYL,Commercial Investigation,MOFU (Consideration),Mid-tail
464,ama diabetes recommendations,YMYL,Navigational,MOFU (Consideration),Mid-tail
465,what is gun control legislation,YMYL,Informational,TOFU (Awareness),Long-tail
466,electric vehicle incentives vs healthcare reform,YMYL,Commercial Investigation,MOFU (Consideration),Long-tail
467,buy personal injury claim online,YMYL,Transactional,BOFU (Decision),Long-tail
468,benefits of net neutrality rules,YMYL,Informational,TOFU (Awareness),Long-tail
469,is arthritis worth it,YMYL,Commercial Investigation,MOFU (Consideration),Long-tail
470,buy arthritis online,YMYL,Transactional,BOFU (Decision),Mid-tail
471,cdc carbon monoxide leak response guidelines,YMYL,Navigational,MOFU (Consideration),Long-tail
472,top anxiety services,YMYL,Commercial Investigation,MOFU (Consideration),Mid-tail
473,apply for index fund,YMYL,Transactional,BOFU (Decision),Long-tail
474,nih earthquake preparedness study,YMYL,Navigational,MOFU (Consideration),Long-tail
475,risks of roth ira,YMYL,Informational,TOFU (Awareness),Long-tail
476,compare anxiety options,YMYL,Commercial Investigation,MOFU (Consideration),Mid-tail
477,download net neutrality rules form,YMYL,Transactional,BOFU (Decision),Long-tail
478,social security divorce,YMYL,Navigational,MOFU (Consideration),Mid-tail
479,top trademark registration services,YMYL,Commercial Investigation,MOFU (Consideration),Long-tail
480,order personal injury claim now,YMYL,Transactional,BOFU (Decision),Long-tail
481,apply for asthma,YMYL,Transactional,BOFU (Decision),Mid-tail
482,who cpr steps factsheet,YMYL,Navigational,MOFU (Consideration),Long-tail
483,treatment options for student loan forgiveness,YMYL,Informational,TOFU (Awareness),Long-tail
484,is diabetes worth it,YMYL,Commercial Investigation,MOFU (Consideration),Long-tail
485,download trademark registration form,YMYL,Transactional,BOFU (Decision),Long-tail
486,who net neutrality rules factsheet,YMYL,Navigational,MOFU (Consideration),Long-tail
487,can child car seat guidelines be cured,YMYL,Informational,TOFU (Awareness),Long-tail
488,apply for divorce,YMYL,Transactional,BOFU (Decision),Mid-tail
489,who child car seat guidelines factsheet,YMYL,Navigational,MOFU (Consideration),Long-tail
490,can hypertension be cured,YMYL,Informational,TOFU (Awareness),Long-tail
491,top hypertension services,YMYL,Commercial Investigation,MOFU (Consideration),Mid-tail
492,find student loan near me,YMYL,Transactional,BOFU (Decision),Long-tail
493,cdc cpr steps guidelines,YMYL,Navigational,MOFU (Consideration),Long-tail
494,affordable dui laws solutions,YMYL,Commercial Investigation,MOFU (Consideration),Long-tail
495,get covid 19 quote,YMYL,Transactional,BOFU (Decision),Long-tail
496,fema data privacy law resources,YMYL,Navigational,MOFU (Consideration),Long-tail
497,heart attack reviews,YMYL,Commercial Investigation,MOFU (Consideration),Mid-tail
498,order first aid basics now,YMYL,Transactional,BOFU (Decision),Long-tail
499,nih minimum wage increase study,YMYL,Navigational,MOFU (Consideration),Long-tail
500,who migraine factsheet,YMYL,Navigational,MOFU (Consideration),Mid-tail
501,compare immigration options,YMYL,Commercial Investigation,MOFU (Consideration),Mid-tail
502,get eviction quote,YMYL,Transactional,BOFU (Decision),Mid-tail
503,social security patent filing,YMYL,Navigational,MOFU (Consideration),Long-tail
504,best bitcoin investment providers,YMYL,Commercial Investigation,MOFU (Consideration),Long-tail
505,find patent filing near me,YMYL,Transactional,BOFU (Decision),Long-tail
506,who first aid basics factsheet,YMYL,Navigational,MOFU (Consideration),Long-tail
507,order net neutrality rules now,YMYL,Transactional,BOFU (Decision),Long-tail
508,who minimum wage increase factsheet,YMYL,Navigational,MOFU (Consideration),Long-tail
509,can immigration be cured,YMYL,Informational,TOFU (Awareness),Long-tail
510,get tax deduction quote,YMYL,Transactional,BOFU (Decision),Long-tail
511,eviction reviews,YMYL,Commercial Investigation,MOFU (Consideration),Head
512,find last will near me,YMYL,Transactional,BOFU (Decision),Long-tail
513,irs student loan forgiveness,YMYL,Navigational,MOFU (Consideration),Long-tail
514,get healthcare reform quote,YMYL,Transactional,BOFU (Decision),Long-tail
515,what is climate change policy,YMYL,Informational,TOFU (Awareness),Long-tail
516,compare heart attack options,YMYL,Commercial Investigation,MOFU (Consideration),Long-tail
517,order estate planning now,YMYL,Transactional,BOFU (Decision),Long-tail
518,ama climate change policy recommendations,YMYL,Navigational,MOFU (Consideration),Long-tail
519,symptoms of student loan forgiveness,YMYL,Informational,TOFU (Awareness),Long-tail
520,cybersecurity breach cost comparison,YMYL,Commercial Investigation,MOFU (Consideration),Long-tail
521,can carbon monoxide leak response be cured,YMYL,Informational,TOFU (Awareness),Long-tail
522,student loan reviews,YMYL,Commercial Investigation,MOFU (Consideration),Mid-tail
523,find dui laws near me,YMYL,Transactional,BOFU (Decision),Long-tail
524,uscis hurricane safety application,YMYL,Navigational,MOFU (Consideration),Long-tail
525,how does gun control legislation work,YMYL,Informational,TOFU (Awareness),Long-tail
526,affordable last will solutions,YMYL,Commercial Investigation,MOFU (Consideration),Long-tail
527,download depression form,YMYL,Transactional,BOFU (Decision),Mid-tail
528,irs index fund,YMYL,Navigational,MOFU (Consideration),Mid-tail
529,net neutrality rules vs healthcare reform,YMYL,Commercial Investigation,MOFU (Consideration),Long-tail
530,find child custody near me,YMYL,Transactional,BOFU (Decision),Long-tail
531,ama index fund recommendations,YMYL,Navigational,MOFU (Consideration),Long-tail
532,can tax reform bill be cured,YMYL,Informational,TOFU (Awareness),Long-tail
533,best bankruptcy providers,YMYL,Commercial Investigation,MOFU (Consideration),Mid-tail
534,download asthma form,YMYL,Transactional,BOFU (Decision),Mid-tail
535,uscis life insurance application,YMYL,Navigational,MOFU (Consideration),Long-tail
536,affordable cpr steps solutions,YMYL,Commercial Investigation,MOFU (Consideration),Long-tail
537,buy patent filing online,YMYL,Transactional,BOFU (Decision),Long-tail
538,guide to dui laws,YMYL,Informational,TOFU (Awareness),Long-tail
539,nih patent filing study,YMYL,Navigational,MOFU (Consideration),Long-tail
540,can asthma be cured,YMYL,Informational,TOFU (Awareness),Long-tail
541,top student loan forgiveness services,YMYL,Commercial Investigation,MOFU (Consideration),Long-tail
542,order 401k now,YMYL,Transactional,BOFU (Decision),Mid-tail
543,guide to life insurance,YMYL,Informational,TOFU (Awareness),Long-tail
544,find hypertension near me,YMYL,Transactional,BOFU (Decision),Long-tail
545,ama first aid basics recommendations,YMYL,Navigational,MOFU (Consideration),Long-tail
546,benefits of estate planning,YMYL,Informational,TOFU (Awareness),Long-tail
547,is child custody worth it,YMYL,Commercial Investigation,MOFU (Consideration),Long-tail
548,mortgage pricing,YMYL,Transactional,BOFU (Decision),Head
549,ama data privacy law recommendations,YMYL,Navigational,MOFU (Consideration),Long-tail
550,can student loan forgiveness be cured,YMYL,Informational,TOFU (Awareness),Long-tail
551,is anxiety worth it,YMYL,Commercial Investigation,MOFU (Consideration),Long-tail
552,ama covid 19 recommendations,YMYL,Navigational,MOFU (Consideration),Long-tail
553,risks of child custody,YMYL,Informational,TOFU (Awareness),Long-tail
554,affordable covid 19 solutions,YMYL,Commercial Investigation,MOFU (Consideration),Long-tail
555,cdc life insurance guidelines,YMYL,Navigational,MOFU (Consideration),Long-tail
556,is migraine worth it,YMYL,Commercial Investigation,MOFU (Consideration),Long-tail
557,order hurricane safety now,YMYL,Transactional,BOFU (Decision),Long-tail
558,ama mortgage recommendations,YMYL,Navigational,MOFU (Consideration),Mid-tail
559,risks of hypertension,YMYL,Informational,TOFU (Awareness),Mid-tail
560,affordable data privacy law solutions,YMYL,Commercial Investigation,MOFU (Consideration),Long-tail
561,uscis bitcoin investment application,YMYL,Navigational,MOFU (Consideration),Long-tail
562,symptoms of data privacy law,YMYL,Informational,TOFU (Awareness),Long-tail
563,tax reform bill vs vaccination mandate,YMYL,Commercial Investigation,MOFU (Consideration),Long-tail
564,patent filing pricing,YMYL,Transactional,BOFU (Decision),Mid-tail
565,treatment options for bitcoin investment,YMYL,Informational,TOFU (Awareness),Long-tail
566,order immigration now,YMYL,Transactional,BOFU (Decision),Mid-tail
567,symptoms of divorce,YMYL,Informational,TOFU (Awareness),Mid-tail
568,affordable anxiety solutions,YMYL,Commercial Investigation,MOFU (Consideration),Mid-tail
569,schedule bankruptcy consultation,YMYL,Transactional,BOFU (Decision),Mid-tail
570,nih tax deduction study,YMYL,Navigational,MOFU (Consideration),Long-tail
571,benefits of student loan forgiveness,YMYL,Informational,TOFU (Awareness),Long-tail
572,covid 19 vs breast cancer,YMYL,Commercial Investigation,MOFU (Consideration),Long-tail
573,best hypertension providers,YMYL,Commercial Investigation,MOFU (Consideration),Mid-tail
574,order healthcare reform now,YMYL,Transactional,BOFU (Decision),Long-tail
575,social security carbon monoxide leak response,YMYL,Navigational,MOFU (Consideration),Long-tail
576,order hypertension now,YMYL,Transactional,BOFU (Decision),Mid-tail
577,fema roth ira resources,YMYL,Navigational,MOFU (Consideration),Long-tail
578,symptoms of hurricane safety,YMYL,Informational,TOFU (Awareness),Long-tail
579,ama trademark registration recommendations,YMYL,Navigational,MOFU (Consideration),Long-tail
580,can gun control legislation be cured,YMYL,Informational,TOFU (Awareness),Long-tail
581,affordable tax deduction solutions,YMYL,Commercial Investigation,MOFU (Consideration),Long-tail
582,what is eviction,YMYL,Informational,TOFU (Awareness),Mid-tail
583,trademark registration vs eviction,YMYL,Commercial Investigation,MOFU (Consideration),Long-tail
584,irs data privacy law,YMYL,Navigational,MOFU (Consideration),Long-tail
585,benefits of fire evacuation plan,YMYL,Informational,TOFU (Awareness),Long-tail
586,roth ira pricing,YMYL,Transactional,BOFU (Decision),Mid-tail
587,ama cybersecurity breach recommendations,YMYL,Navigational,MOFU (Consideration),Long-tail
588,best electric vehicle incentives providers,YMYL,Commercial Investigation,MOFU (Consideration),Long-tail
589,affordable first aid basics solutions,YMYL,Commercial Investigation,MOFU (Consideration),Long-tail
590,schedule vaccination mandate consultation,YMYL,Transactional,BOFU (Decision),Long-tail
591,ama minimum wage increase recommendations,YMYL,Navigational,MOFU (Consideration),Long-tail
592,how does data privacy law work,YMYL,Informational,TOFU (Awareness),Long-tail
593,best minimum wage increase providers,YMYL,Commercial Investigation,MOFU (Consideration),Long-tail
594,schedule gun control legislation consultation,YMYL,Transactional,BOFU (Decision),Long-tail
595,who gun control legislation factsheet,YMYL,Navigational,MOFU (Consideration),Long-tail
596,can student loan be cured,YMYL,Informational,TOFU (Awareness),Long-tail
597,download arthritis form,YMYL,Transactional,BOFU (Decision),Mid-tail
598,affordable climate change policy solutions,YMYL,Commercial Investigation,MOFU (Consideration),Long-tail
599,what is minimum wage increase,YMYL,Informational,TOFU (Awareness),Long-tail
600,top child car seat guidelines services,YMYL,Commercial Investigation,MOFU (Consideration),Long-tail
601,apply for climate change policy,YMYL,Transactional,BOFU (Decision),Long-tail
602,benefits of hurricane safety,YMYL,Informational,TOFU (Awareness),Long-tail
603,child car seat guidelines cost comparison,YMYL,Commercial Investigation,MOFU (Consideration),Long-tail
604,who arthritis factsheet,YMYL,Navigational,MOFU (Consideration),Mid-tail
605,buy roth ira online,YMYL,Transactional,BOFU (Decision),Long-tail
606,risks of net neutrality rules,YMYL,Informational,TOFU (Awareness),Long-tail
607,fema heart attack resources,YMYL,Navigational,MOFU (Consideration),Long-tail
608,risks of climate change policy,YMYL,Informational,TOFU (Awareness),Long-tail
609,top 401k services,YMYL,Commercial Investigation,MOFU (Consideration),Mid-tail
610,download climate change policy form,YMYL,Transactional,BOFU (Decision),Long-tail
611,social security climate change policy,YMYL,Navigational,MOFU (Consideration),Long-tail
612,tax deduction vs roth ira,YMYL,Commercial Investigation,MOFU (Consideration),Long-tail
613,tax deduction pricing,YMYL,Transactional,BOFU (Decision),Mid-tail
614,cdc trademark registration guidelines,YMYL,Navigational,MOFU (Consideration),Long-tail
615,benefits of electric vehicle incentives,YMYL,Informational,TOFU (Awareness),Long-tail
616,affordable hurricane safety solutions,YMYL,Commercial Investigation,MOFU (Consideration),Long-tail
617,cdc bitcoin investment guidelines,YMYL,Navigational,MOFU (Consideration),Long-tail
618,guide to net neutrality rules,YMYL,Informational,TOFU (Awareness),Long-tail
619,gun control legislation reviews,YMYL,Commercial Investigation,MOFU (Consideration),Long-tail
620,irs student loan,YMYL,Navigational,MOFU (Consideration),Mid-tail
621,how does child car seat guidelines work,YMYL,Informational,TOFU (Awareness),Long-tail
622,social security breast cancer,YMYL,Navigational,MOFU (Consideration),Long-tail
623,treatment options for cybersecurity breach,YMYL,Informational,TOFU (Awareness),Long-tail
624,divorce vs trademark registration,YMYL,Commercial Investigation,MOFU (Consideration),Long-tail
625,schedule migraine consultation,YMYL,Transactional,BOFU (Decision),Mid-tail
626,fema vaccination mandate resources,YMYL,Navigational,MOFU (Consideration),Long-tail
627,treatment options for tax deduction,YMYL,Informational,TOFU (Awareness),Long-tail
628,ama dui laws recommendations,YMYL,Navigational,MOFU (Consideration),Long-tail
629,is last will worth it,YMYL,Commercial Investigation,MOFU (Consideration),Long-tail
630,who vaccination mandate factsheet,YMYL,Navigational,MOFU (Consideration),Long-tail
631,eviction vs personal injury claim,YMYL,Commercial Investigation,MOFU (Consideration),Long-tail
632,uscis first aid basics application,YMYL,Navigational,MOFU (Consideration),Long-tail
633,is hurricane safety worth it,YMYL,Commercial Investigation,MOFU (Consideration),Long-tail
634,download index fund form,YMYL,Transactional,BOFU (Decision),Long-tail
635,cdc tax deduction guidelines,YMYL,Navigational,MOFU (Consideration),Long-tail
636,how does climate change policy work,YMYL,Informational,TOFU (Awareness),Long-tail
637,social security roth ira,YMYL,Navigational,MOFU (Consideration),Long-tail
638,treatment options for tax reform bill,YMYL,Informational,TOFU (Awareness),Long-tail
639,buy earthquake preparedness online,YMYL,Transactional,BOFU (Decision),Long-tail
640,fema gun control legislation resources,YMYL,Navigational,MOFU (Consideration),Long-tail
641,get net neutrality rules quote,YMYL,Transactional,BOFU (Decision),Long-tail
642,who diabetes factsheet,YMYL,Navigational,MOFU (Consideration),Mid-tail
643,trademark registration cost comparison,YMYL,Commercial Investigation,MOFU (Consideration),Long-tail
644,social security cpr steps,YMYL,Navigational,MOFU (Consideration),Long-tail
645,diabetes cost comparison,YMYL,Commercial Investigation,MOFU (Consideration),Mid-tail
646,download food poisoning treatment form,YMYL,Transactional,BOFU (Decision),Long-tail
647,who heart attack factsheet,YMYL,Navigational,MOFU (Consideration),Long-tail
648,guide to migraine,YMYL,Informational,TOFU (Awareness),Mid-tail
649,top child custody services,YMYL,Commercial Investigation,MOFU (Consideration),Long-tail
650,ama estate planning recommendations,YMYL,Navigational,MOFU (Consideration),Long-tail
651,how does divorce work,YMYL,Informational,TOFU (Awareness),Long-tail
652,best patent filing providers,YMYL,Commercial Investigation,MOFU (Consideration),Long-tail
653,buy student loan online,YMYL,Transactional,BOFU (Decision),Long-tail
654,who estate planning factsheet,YMYL,Navigational,MOFU (Consideration),Long-tail
655,symptoms of fire evacuation plan,YMYL,Informational,TOFU (Awareness),Long-tail
656,estate planning vs mortgage,YMYL,Commercial Investigation,MOFU (Consideration),Long-tail
657,order data privacy law now,YMYL,Transactional,BOFU (Decision),Long-tail
658,uscis 401k application,YMYL,Navigational,MOFU (Consideration),Mid-tail
659,guide to diabetes,YMYL,Informational,TOFU (Awareness),Mid-tail
660,is 401k worth it,YMYL,Commercial Investigation,MOFU (Consideration),Long-tail
661,order electric vehicle incentives now,YMYL,Transactional,BOFU (Decision),Long-tail
662,nih divorce study,YMYL,Navigational,MOFU (Consideration),Mid-tail
663,risks of carbon monoxide leak response,YMYL,Informational,TOFU (Awareness),Long-tail
664,nih covid 19 study,YMYL,Navigational,MOFU (Consideration),Long-tail
665,how does 401k work,YMYL,Informational,TOFU (Awareness),Long-tail
666,eviction cost comparison,YMYL,Commercial Investigation,MOFU (Consideration),Mid-tail
667,irs immigration,YMYL,Navigational,MOFU (Consideration),Head
668,fema carbon monoxide leak response resources,YMYL,Navigational,MOFU (Consideration),Long-tail
669,how does heart attack work,YMYL,Informational,TOFU (Awareness),Long-tail
670,find electric vehicle incentives near me,YMYL,Transactional,BOFU (Decision),Long-tail
671,how does food poisoning treatment work,YMYL,Informational,TOFU (Awareness),Long-tail
672,vaccination mandate reviews,YMYL,Commercial Investigation,MOFU (Consideration),Mid-tail
673,get hurricane safety quote,YMYL,Transactional,BOFU (Decision),Long-tail
674,nih trademark registration study,YMYL,Navigational,MOFU (Consideration),Long-tail
675,how does hurricane safety work,YMYL,Informational,TOFU (Awareness),Long-tail
676,compare mortgage options,YMYL,Commercial Investigation,MOFU (Consideration),Mid-tail
677,risks of bitcoin investment,YMYL,Informational,TOFU (Awareness),Long-tail
678,fema child custody resources,YMYL,Navigational,MOFU (Consideration),Long-tail
679,treatment options for bankruptcy,YMYL,Informational,TOFU (Awareness),Long-tail
680,cpr steps reviews,YMYL,Commercial Investigation,MOFU (Consideration),Mid-tail
681,social security immigration,YMYL,Navigational,MOFU (Consideration),Mid-tail
682,benefits of gun control legislation,YMYL,Informational,TOFU (Awareness),Long-tail
683,bitcoin investment pricing,YMYL,Transactional,BOFU (Decision),Mid-tail
684,risks of credit score,YMYL,Informational,TOFU (Awareness),Long-tail
685,download fire evacuation plan form,YMYL,Transactional,BOFU (Decision),Long-tail
686,fema tax reform bill resources,YMYL,Navigational,MOFU (Consideration),Long-tail
687,guide to gun control legislation,YMYL,Informational,TOFU (Awareness),Long-tail
688,what is estate planning,YMYL,Informational,TOFU (Awareness),Long-tail
689,is net neutrality rules worth it,YMYL,Commercial Investigation,MOFU (Consideration),Long-tail
690,social security depression,YMYL,Navigational,MOFU (Consideration),Mid-tail
691,risks of gun control legislation,YMYL,Informational,TOFU (Awareness),Long-tail
692,get cpr steps quote,YMYL,Transactional,BOFU (Decision),Long-tail
693,ama divorce recommendations,YMYL,Navigational,MOFU (Consideration),Mid-tail
694,diabetes reviews,YMYL,Commercial Investigation,MOFU (Consideration),Head
695,find trademark registration near me,YMYL,Transactional,BOFU (Decision),Long-tail
696,how does bankruptcy work,YMYL,Informational,TOFU (Awareness),Long-tail
697,buy depression online,YMYL,Transactional,BOFU (Decision),Mid-tail
698,healthcare reform reviews,YMYL,Commercial Investigation,MOFU (Consideration),Mid-tail
699,fema cybersecurity breach resources,YMYL,Navigational,MOFU (Consideration),Long-tail
700,earthquake preparedness vs first aid basics,YMYL,Commercial Investigation,MOFU (Consideration),Long-tail
701,how does immigration work,YMYL,Informational,TOFU (Awareness),Long-tail
702,is healthcare reform worth it,YMYL,Commercial Investigation,MOFU (Consideration),Long-tail
703,download last will form,YMYL,Transactional,BOFU (Decision),Long-tail
704,ama depression recommendations,YMYL,Navigational,MOFU (Consideration),Mid-tail
705,guide to data privacy law,YMYL,Informational,TOFU (Awareness),Long-tail
706,download dui laws form,YMYL,Transactional,BOFU (Decision),Long-tail
707,nih healthcare reform study,YMYL,Navigational,MOFU (Consideration),Long-tail
708,how does electric vehicle incentives work,YMYL,Informational,TOFU (Awareness),Long-tail
709,top student loan services,YMYL,Commercial Investigation,MOFU (Consideration),Long-tail
710,apply for credit score,YMYL,Transactional,BOFU (Decision),Long-tail
711,who student loan factsheet,YMYL,Navigational,MOFU (Consideration),Long-tail
712,healthcare reform cost comparison,YMYL,Commercial Investigation,MOFU (Consideration),Long-tail
713,benefits of identity theft protection,YMYL,Informational,TOFU (Awareness),Long-tail
714,affordable student loan solutions,YMYL,Commercial Investigation,MOFU (Consideration),Long-tail
715,can mortgage be cured,YMYL,Informational,TOFU (Awareness),Long-tail
716,carbon monoxide leak response cost comparison,YMYL,Commercial Investigation,MOFU (Consideration),Long-tail
717,get carbon monoxide leak response quote,YMYL,Transactional,BOFU (Decision),Long-tail
718,cdc covid 19 guidelines,YMYL,Navigational,MOFU (Consideration),Long-tail
719,compare last will options,YMYL,Commercial Investigation,MOFU (Consideration),Long-tail
720,download bitcoin investment form,YMYL,Transactional,BOFU (Decision),Long-tail
721,symptoms of minimum wage increase,YMYL,Informational,TOFU (Awareness),Long-tail
722,best data privacy law providers,YMYL,Commercial Investigation,MOFU (Consideration),Long-tail
723,schedule first aid basics consultation,YMYL,Transactional,BOFU (Decision),Long-tail
724,social security fire evacuation plan,YMYL,Navigational,MOFU (Consideration),Long-tail
725,top dui laws services,YMYL,Commercial Investigation,MOFU (Consideration),Long-tail
726,schedule fire evacuation plan consultation,YMYL,Transactional,BOFU (Decision),Long-tail
727,healthcare reform vs student loan forgiveness,YMYL,Commercial Investigation,MOFU (Consideration),Long-tail
728,find covid 19 near me,YMYL,Transactional,BOFU (Decision),Long-tail
729,who student loan forgiveness factsheet,YMYL,Navigational,MOFU (Consideration),Long-tail
730,symptoms of trademark registration,YMYL,Informational,TOFU (Awareness),Long-tail
731,who eviction factsheet,YMYL,Navigational,MOFU (Consideration),Mid-tail
732,treatment options for index fund,YMYL,Informational,TOFU (Awareness),Long-tail
733,estate planning pricing,YMYL,Transactional,BOFU (Decision),Mid-tail
734,ama food poisoning treatment recommendations,YMYL,Navigational,MOFU (Consideration),Long-tail
735,find carbon monoxide leak response near me,YMYL,Transactional,BOFU (Decision),Long-tail
736,irs climate change policy,YMYL,Navigational,MOFU (Consideration),Long-tail
737,net neutrality rules vs tax reform bill,YMYL,Commercial Investigation,MOFU (Consideration),Long-tail
738,uscis trademark registration application,YMYL,Navigational,MOFU (Consideration),Long-tail
739,is tax reform bill worth it,YMYL,Commercial Investigation,MOFU (Consideration),Long-tail
740,apply for heart attack,YMYL,Transactional,BOFU (Decision),Long-tail
741,irs earthquake preparedness,YMYL,Navigational,MOFU (Consideration),Mid-tail
742,asthma vs hypertension,YMYL,Commercial Investigation,MOFU (Consideration),Mid-tail
743,eviction pricing,YMYL,Transactional,BOFU (Decision),Head
744,benefits of anxiety,YMYL,Informational,TOFU (Awareness),Mid-tail
745,compare asthma options,YMYL,Commercial Investigation,MOFU (Consideration),Mid-tail
746,apply for mortgage,YMYL,Transactional,BOFU (Decision),Mid-tail
747,find heart attack near me,YMYL,Transactional,BOFU (Decision),Long-tail
748,find anxiety near me,YMYL,Transactional,BOFU (Decision),Long-tail
749,fema eviction resources,YMYL,Navigational,MOFU (Consideration),Mid-tail
750,how does index fund work,YMYL,Informational,TOFU (Awareness),Long-tail
751,download healthcare reform form,YMYL,Transactional,BOFU (Decision),Long-tail
752,can cpr steps be cured,YMYL,Informational,TOFU (Awareness),Long-tail
753,download breast cancer form,YMYL,Transactional,BOFU (Decision),Long-tail
754,cdc minimum wage increase guidelines,YMYL,Navigational,MOFU (Consideration),Long-tail
755,benefits of dui laws,YMYL,Informational,TOFU (Awareness),Long-tail
756,get patent filing quote,YMYL,Transactional,BOFU (Decision),Long-tail
757,uscis tax deduction application,YMYL,Navigational,MOFU (Consideration),Long-tail
758,personal injury claim vs divorce,YMYL,Commercial Investigation,MOFU (Consideration),Long-tail
759,cdc migraine guidelines,YMYL,Navigational,MOFU (Consideration),Mid-tail
760,how does eviction work,YMYL,Informational,TOFU (Awareness),Long-tail
761,nih gun control legislation study,YMYL,Navigational,MOFU (Consideration),Long-tail
762,can minimum wage increase be cured,YMYL,Informational,TOFU (Awareness),Long-tail
763,get migraine quote,YMYL,Transactional,BOFU (Decision),Mid-tail
764,nih eviction study,YMYL,Navigational,MOFU (Consideration),Mid-tail
765,how does covid 19 work,YMYL,Informational,TOFU (Awareness),Long-tail
766,schedule heart attack consultation,YMYL,Transactional,BOFU (Decision),Long-tail
767,uscis migraine application,YMYL,Navigational,MOFU (Consideration),Mid-tail
768,arthritis cost comparison,YMYL,Commercial Investigation,MOFU (Consideration),Mid-tail
769,schedule student loan consultation,YMYL,Transactional,BOFU (Decision),Long-tail
770,nih child car seat guidelines study,YMYL,Navigational,MOFU (Consideration),Long-tail
771,best arthritis providers,YMYL,Commercial Investigation,MOFU (Consideration),Mid-tail
772,buy life insurance online,YMYL,Transactional,BOFU (Decision),Long-tail
773,ama fire evacuation plan recommendations,YMYL,Navigational,MOFU (Consideration),Long-tail
774,treatment options for trademark registration,YMYL,Informational,TOFU (Awareness),Long-tail
775,affordable arthritis solutions,YMYL,Commercial Investigation,MOFU (Consideration),Mid-tail
776,schedule anxiety consultation,YMYL,Transactional,BOFU (Decision),Mid-tail
777,can vaccination mandate be cured,YMYL,Informational,TOFU (Awareness),Long-tail
778,affordable child custody solutions,YMYL,Commercial Investigation,MOFU (Consideration),Long-tail
779,treatment options for breast cancer,YMYL,Informational,TOFU (Awareness),Long-tail
780,best anxiety providers,YMYL,Commercial Investigation,MOFU (Consideration),Mid-tail
781,apply for identity theft protection,YMYL,Transactional,BOFU (Decision),Long-tail
782,social security tax deduction,YMYL,Navigational,MOFU (Consideration),Long-tail
783,irs bankruptcy,YMYL,Navigational,MOFU (Consideration),Head
784,best fire evacuation plan providers,YMYL,Commercial Investigation,MOFU (Consideration),Long-tail
785,schedule hurricane safety consultation,YMYL,Transactional,BOFU (Decision),Long-tail
786,treatment options for child car seat guidelines,YMYL,Informational,TOFU (Awareness),Long-tail
787,identity theft protection vs fire evacuation plan,YMYL,Commercial Investigation,MOFU (Consideration),Long-tail
788,who 401k factsheet,YMYL,Navigational,MOFU (Consideration),Mid-tail
789,is fire evacuation plan worth it,YMYL,Commercial Investigation,MOFU (Consideration),Long-tail
790,irs identity theft protection,YMYL,Navigational,MOFU (Consideration),Long-tail
791,symptoms of hypertension,YMYL,Informational,TOFU (Awareness),Mid-tail
792,climate change policy vs net neutrality rules,YMYL,Commercial Investigation,MOFU (Consideration),Long-tail
793,schedule 401k consultation,YMYL,Transactional,BOFU (Decision),Mid-tail
794,cdc personal injury claim guidelines,YMYL,Navigational,MOFU (Consideration),Long-tail
795,benefits of trademark registration,YMYL,Informational,TOFU (Awareness),Long-tail
796,what is 401k,YMYL,Informational,TOFU (Awareness),Mid-tail
797,breast cancer reviews,YMYL,Commercial Investigation,MOFU (Consideration),Mid-tail
798,bitcoin investment reviews,YMYL,Commercial Investigation,MOFU (Consideration),Mid-tail
799,guide to estate planning,YMYL,Informational,TOFU (Awareness),Long-tail
800,get food poisoning treatment quote,YMYL,Transactional,BOFU (Decision),Long-tail
801,can trademark registration be cured,YMYL,Informational,TOFU (Awareness),Long-tail
802,roth ira vs student loan,YMYL,Commercial Investigation,MOFU (Consideration),Long-tail
803,nih diabetes study,YMYL,Navigational,MOFU (Consideration),Mid-tail
804,guide to hurricane safety,YMYL,Informational,TOFU (Awareness),Long-tail
805,tax deduction vs estate planning,YMYL,Commercial Investigation,MOFU (Consideration),Long-tail
806,identity theft protection reviews,YMYL,Commercial Investigation,MOFU (Consideration),Long-tail
807,cdc depression guidelines,YMYL,Navigational,MOFU (Consideration),Mid-tail
808,treatment options for first aid basics,YMYL,Informational,TOFU (Awareness),Long-tail
809,schedule breast cancer consultation,YMYL,Transactional,BOFU (Decision),Long-tail
810,cdc patent filing guidelines,YMYL,Navigational,MOFU (Consideration),Long-tail
811,find estate planning near me,YMYL,Transactional,BOFU (Decision),Long-tail
812,cdc child custody guidelines,YMYL,Navigational,MOFU (Consideration),Long-tail
813,get student loan forgiveness quote,YMYL,Transactional,BOFU (Decision),Long-tail
814,risks of breast cancer,YMYL,Informational,TOFU (Awareness),Long-tail
815,estate planning reviews,YMYL,Commercial Investigation,MOFU (Consideration),Mid-tail
816,find arthritis near me,YMYL,Transactional,BOFU (Decision),Long-tail
817,fema anxiety resources,YMYL,Navigational,MOFU (Consideration),Mid-tail
818,treatment options for minimum wage increase,YMYL,Informational,TOFU (Awareness),Long-tail
819,compare identity theft protection options,YMYL,Commercial Investigation,MOFU (Consideration),Long-tail
820,buy index fund online,YMYL,Transactional,BOFU (Decision),Long-tail
821,treatment options for estate planning,YMYL,Informational,TOFU (Awareness),Long-tail
822,find hurricane safety near me,YMYL,Transactional,BOFU (Decision),Long-tail
823,what is heart attack,YMYL,Informational,TOFU (Awareness),Long-tail
824,top bitcoin investment services,YMYL,Commercial Investigation,MOFU (Consideration),Long-tail
825,irs trademark registration,YMYL,Navigational,MOFU (Consideration),Mid-tail
826,top hurricane safety services,YMYL,Commercial Investigation,MOFU (Consideration),Long-tail
827,find minimum wage increase near me,YMYL,Transactional,BOFU (Decision),Long-tail
828,benefits of asthma,YMYL,Informational,TOFU (Awareness),Mid-tail
829,find diabetes near me,YMYL,Transactional,BOFU (Decision),Long-tail
830,fema life insurance resources,YMYL,Navigational,MOFU (Consideration),Long-tail
831,symptoms of gun control legislation,YMYL,Informational,TOFU (Awareness),Long-tail
832,trademark registration vs immigration,YMYL,Commercial Investigation,MOFU (Consideration),Long-tail
833,uscis roth ira application,YMYL,Navigational,MOFU (Consideration),Long-tail
834,buy 401k online,YMYL,Transactional,BOFU (Decision),Mid-tail
835,nih index fund study,YMYL,Navigational,MOFU (Consideration),Long-tail
836,treatment options for personal injury claim,YMYL,Informational,TOFU (Awareness),Long-tail
837,download bankruptcy form,YMYL,Transactional,BOFU (Decision),Mid-tail
838,nih last will study,YMYL,Navigational,MOFU (Consideration),Long-tail
839,schedule net neutrality rules consultation,YMYL,Transactional,BOFU (Decision),Long-tail
840,fema climate change policy resources,YMYL,Navigational,MOFU (Consideration),Long-tail
841,benefits of migraine,YMYL,Informational,TOFU (Awareness),Mid-tail
842,life insurance vs index fund,YMYL,Commercial Investigation,MOFU (Consideration),Long-tail
843,ama patent filing recommendations,YMYL,Navigational,MOFU (Consideration),Long-tail
844,guide to covid 19,YMYL,Informational,TOFU (Awareness),Long-tail
845,asthma reviews,YMYL,Commercial Investigation,MOFU (Consideration),Head
846,apply for estate planning,YMYL,Transactional,BOFU (Decision),Long-tail
847,irs covid 19,YMYL,Navigational,MOFU (Consideration),Mid-tail
848,treatment options for patent filing,YMYL,Informational,TOFU (Awareness),Long-tail
849,download cpr steps form,YMYL,Transactional,BOFU (Decision),Long-tail
850,is asthma worth it,YMYL,Commercial Investigation,MOFU (Consideration),Long-tail
851,download roth ira form,YMYL,Transactional,BOFU (Decision),Long-tail
852,cdc dui laws guidelines,YMYL,Navigational,MOFU (Consideration),Long-tail
853,top bankruptcy services,YMYL,Commercial Investigation,MOFU (Consideration),Mid-tail
854,bitcoin investment vs mortgage,YMYL,Commercial Investigation,MOFU (Consideration),Long-tail
855,schedule life insurance consultation,YMYL,Transactional,BOFU (Decision),Long-tail
856,cdc breast cancer guidelines,YMYL,Navigational,MOFU (Consideration),Long-tail
857,treatment options for earthquake preparedness,YMYL,Informational,TOFU (Awareness),Long-tail
858,is credit score worth it,YMYL,Commercial Investigation,MOFU (Consideration),Long-tail
859,benefits of earthquake preparedness,YMYL,Informational,TOFU (Awareness),Long-tail
860,vaccination mandate vs student loan forgiveness,YMYL,Commercial Investigation,MOFU (Consideration),Long-tail
861,cdc climate change policy guidelines,YMYL,Navigational,MOFU (Consideration),Long-tail
862,climate change policy vs data privacy law,YMYL,Commercial Investigation,MOFU (Consideration),Long-tail
863,student loan forgiveness pricing,YMYL,Transactional,BOFU (Decision),Long-tail
864,buy minimum wage increase online,YMYL,Transactional,BOFU (Decision),Long-tail
865,trademark registration pricing,YMYL,Transactional,BOFU (Decision),Mid-tail
866,what is vaccination mandate,YMYL,Informational,TOFU (Awareness),Long-tail
867,fema trademark registration resources,YMYL,Navigational,MOFU (Consideration),Long-tail
868,what is food poisoning treatment,YMYL,Informational,TOFU (Awareness),Long-tail
869,electric vehicle incentives vs data privacy law,YMYL,Commercial Investigation,MOFU (Consideration),Long-tail
870,benefits of tax deduction,YMYL,Informational,TOFU (Awareness),Long-tail
871,affordable immigration solutions,YMYL,Commercial Investigation,MOFU (Consideration),Mid-tail
872,get credit score quote,YMYL,Transactional,BOFU (Decision),Long-tail
873,is child car seat guidelines worth it,YMYL,Commercial Investigation,MOFU (Consideration),Long-tail
874,child custody pricing,YMYL,Transactional,BOFU (Decision),Mid-tail
875,top cybersecurity breach services,YMYL,Commercial Investigation,MOFU (Consideration),Long-tail
876,first aid basics pricing,YMYL,Transactional,BOFU (Decision),Long-tail
877,who earthquake preparedness factsheet,YMYL,Navigational,MOFU (Consideration),Long-tail
878,what is student loan,YMYL,Informational,TOFU (Awareness),Long-tail
879,compare migraine options,YMYL,Commercial Investigation,MOFU (Consideration),Mid-tail
880,who fire evacuation plan factsheet,YMYL,Navigational,MOFU (Consideration),Long-tail
881,uscis vaccination mandate application,YMYL,Navigational,MOFU (Consideration),Long-tail
882,risks of anxiety,YMYL,Informational,TOFU (Awareness),Mid-tail
883,heart attack vs depression,YMYL,Commercial Investigation,MOFU (Consideration),Long-tail
884,get trademark registration quote,YMYL,Transactional,BOFU (Decision),Long-tail
885,nih asthma study,YMYL,Navigational,MOFU (Consideration),Mid-tail
886,affordable trademark registration solutions,YMYL,Commercial Investigation,MOFU (Consideration),Long-tail
887,risks of child car seat guidelines,YMYL,Informational,TOFU (Awareness),Long-tail
888,best mortgage providers,YMYL,Commercial Investigation,MOFU (Consideration),Mid-tail
889,who roth ira factsheet,YMYL,Navigational,MOFU (Consideration),Long-tail
890,what is anxiety,YMYL,Informational,TOFU (Awareness),Mid-tail
891,best identity theft protection providers,YMYL,Commercial Investigation,MOFU (Consideration),Long-tail
892,irs heart attack,YMYL,Navigational,MOFU (Consideration),Mid-tail
893,guide to carbon monoxide leak response,YMYL,Informational,TOFU (Awareness),Long-tail
894,compare arthritis options,YMYL,Commercial Investigation,MOFU (Consideration),Mid-tail
895,fema depression resources,YMYL,Navigational,MOFU (Consideration),Mid-tail
896,symptoms of arthritis,YMYL,Informational,TOFU (Awareness),Mid-tail
897,electric vehicle incentives reviews,YMYL,Commercial Investigation,MOFU (Consideration),Long-tail
898,risks of cybersecurity breach,YMYL,Informational,TOFU (Awareness),Long-tail
899,patent filing vs dui laws,YMYL,Commercial Investigation,MOFU (Consideration),Long-tail
900,get identity theft protection quote,YMYL,Transactional,BOFU (Decision),Long-tail
901,ama arthritis recommendations,YMYL,Navigational,MOFU (Consideration),Mid-tail
902,best roth ira providers,YMYL,Commercial Investigation,MOFU (Consideration),Long-tail
903,download diabetes form,YMYL,Transactional,BOFU (Decision),Mid-tail
904,apply for earthquake preparedness,YMYL,Transactional,BOFU (Decision),Long-tail
905,nih roth ira study,YMYL,Navigational,MOFU (Consideration),Long-tail
906,best diabetes providers,YMYL,Commercial Investigation,MOFU (Consideration),Mid-tail
907,get hypertension quote,YMYL,Transactional,BOFU (Decision),Mid-tail
908,how does student loan forgiveness work,YMYL,Informational,TOFU (Awareness),Long-tail
909,order asthma now,YMYL,Transactional,BOFU (Decision),Mid-tail
910,fema identity theft protection resources,YMYL,Navigational,MOFU (Consideration),Long-tail
911,benefits of food poisoning treatment,YMYL,Informational,TOFU (Awareness),Long-tail
912,best child custody providers,YMYL,Commercial Investigation,MOFU (Consideration),Long-tail
913,symptoms of diabetes,YMYL,Informational,TOFU (Awareness),Mid-tail
914,divorce vs personal injury claim,YMYL,Commercial Investigation,MOFU (Consideration),Long-tail
915,apply for gun control legislation,YMYL,Transactional,BOFU (Decision),Long-tail
916,download hypertension form,YMYL,Transactional,BOFU (Decision),Mid-tail
917,irs hurricane safety,YMYL,Navigational,MOFU (Consideration),Mid-tail
918,best trademark registration providers,YMYL,Commercial Investigation,MOFU (Consideration),Long-tail
919,irs cybersecurity breach,YMYL,Navigational,MOFU (Consideration),Mid-tail
920,download immigration form,YMYL,Transactional,BOFU (Decision),Mid-tail
921,fema diabetes resources,YMYL,Navigational,MOFU (Consideration),Mid-tail
922,what is earthquake preparedness,YMYL,Informational,TOFU (Awareness),Long-tail
923,compare covid 19 options,YMYL,Commercial Investigation,MOFU (Consideration),Long-tail
924,uscis child car seat guidelines application,YMYL,Navigational,MOFU (Consideration),Long-tail
925,can breast cancer be cured,YMYL,Informational,TOFU (Awareness),Long-tail
926,affordable patent filing solutions,YMYL,Commercial Investigation,MOFU (Consideration),Long-tail
927,is gun control legislation worth it,YMYL,Commercial Investigation,MOFU (Consideration),Long-tail
928,401k cost comparison,YMYL,Commercial Investigation,MOFU (Consideration),Mid-tail
929,schedule bitcoin investment consultation,YMYL,Transactional,BOFU (Decision),Long-tail
930,fema immigration resources,YMYL,Navigational,MOFU (Consideration),Mid-tail
931,carbon monoxide leak response reviews,YMYL,Commercial Investigation,MOFU (Consideration),Long-tail
932,benefits of healthcare reform,YMYL,Informational,TOFU (Awareness),Long-tail
933,symptoms of vaccination mandate,YMYL,Informational,TOFU (Awareness),Long-tail
934,risks of data privacy law,YMYL,Informational,TOFU (Awareness),Long-tail
935,compare life insurance options,YMYL,Commercial Investigation,MOFU (Consideration),Long-tail
936,can anxiety be cured,YMYL,Informational,TOFU (Awareness),Long-tail
937,electric vehicle incentives cost comparison,YMYL,Commercial Investigation,MOFU (Consideration),Long-tail
938,order student loan forgiveness now,YMYL,Transactional,BOFU (Decision),Long-tail
939,irs arthritis,YMYL,Navigational,MOFU (Consideration),Head
940,heart attack vs anxiety,YMYL,Commercial Investigation,MOFU (Consideration),Long-tail
941,credit score pricing,YMYL,Transactional,BOFU (Decision),Mid-tail
942,what is tax deduction,YMYL,Informational,TOFU (Awareness),Long-tail
943,food poisoning treatment cost comparison,YMYL,Commercial Investigation,MOFU (Consideration),Long-tail
944,risks of tax reform bill,YMYL,Informational,TOFU (Awareness),Long-tail
945,child custody vs last will,YMYL,Commercial Investigation,MOFU (Consideration),Long-tail
946,get bankruptcy quote,YMYL,Transactional,BOFU (Decision),Mid-tail
947,who hypertension factsheet,YMYL,Navigational,MOFU (Consideration),Mid-tail
948,guide to minimum wage increase,YMYL,Informational,TOFU (Awareness),Long-tail
949,nih estate planning study,YMYL,Navigational,MOFU (Consideration),Long-tail
950,roth ira reviews,YMYL,Commercial Investigation,MOFU (Consideration),Mid-tail
951,fema first aid basics resources,YMYL,Navigational,MOFU (Consideration),Long-tail
952,is student loan worth it,YMYL,Commercial Investigation,MOFU (Consideration),Long-tail
953,schedule trademark registration consultation,YMYL,Transactional,BOFU (Decision),Long-tail
954,ama gun control legislation recommendations,YMYL,Navigational,MOFU (Consideration),Long-tail
955,bankruptcy vs last will,YMYL,Commercial Investigation,MOFU (Consideration),Long-tail
956,earthquake preparedness pricing,YMYL,Transactional,BOFU (Decision),Mid-tail
957,what is hypertension,YMYL,Informational,TOFU (Awareness),Mid-tail
958,breast cancer vs migraine,YMYL,Commercial Investigation,MOFU (Consideration),Long-tail
959,what is child car seat guidelines,YMYL,Informational,TOFU (Awareness),Long-tail
960,nih vaccination mandate study,YMYL,Navigational,MOFU (Consideration),Long-tail
961,is food poisoning treatment worth it,YMYL,Commercial Investigation,MOFU (Consideration),Long-tail
962,apply for trademark registration,YMYL,Transactional,BOFU (Decision),Long-tail
963,can earthquake preparedness be cured,YMYL,Informational,TOFU (Awareness),Long-tail
964,tax deduction vs index fund,YMYL,Commercial Investigation,MOFU (Consideration),Long-tail
965,uscis credit score application,YMYL,Navigational,MOFU (Consideration),Long-tail
966,best heart attack providers,YMYL,Commercial Investigation,MOFU (Consideration),Long-tail
967,mortgage reviews,YMYL,Commercial Investigation,MOFU (Consideration),Head
968,schedule index fund consultation,YMYL,Transactional,BOFU (Decision),Long-tail
969,social security student loan forgiveness,YMYL,Navigational,MOFU (Consideration),Long-tail
970,immigration pricing,YMYL,Transactional,BOFU (Decision),Head
971,compare 401k options,YMYL,Commercial Investigation,MOFU (Consideration),Mid-tail
972,schedule minimum wage increase consultation,YMYL,Transactional,BOFU (Decision),Long-tail
973,ama bankruptcy recommendations,YMYL,Navigational,MOFU (Consideration),Mid-tail
974,get personal injury claim quote,YMYL,Transactional,BOFU (Decision),Long-tail
975,social security anxiety,YMYL,Navigational,MOFU (Consideration),Mid-tail
976,symptoms of mortgage,YMYL,Informational,TOFU (Awareness),Mid-tail
977,is eviction worth it,YMYL,Commercial Investigation,MOFU (Consideration),Long-tail
978,download carbon monoxide leak response form,YMYL,Transactional,BOFU (Decision),Long-tail
979,compare minimum wage increase options,YMYL,Commercial Investigation,MOFU (Consideration),Long-tail
980,what is arthritis,YMYL,Informational,TOFU (Awareness),Mid-tail
981,buy vaccination mandate online,YMYL,Transactional,BOFU (Decision),Long-tail
982,guide to student loan,YMYL,Informational,TOFU (Awareness),Long-tail
983,apply for bitcoin investment,YMYL,Transactional,BOFU (Decision),Long-tail
984,cdc child car seat guidelines guidelines,YMYL,Navigational,MOFU (Consideration),Long-tail
985,affordable healthcare reform solutions,YMYL,Commercial Investigation,MOFU (Consideration),Long-tail
986,is depression worth it,YMYL,Commercial Investigation,MOFU (Consideration),Long-tail
987,schedule roth ira consultation,YMYL,Transactional,BOFU (Decision),Long-tail
988,benefits of index fund,YMYL,Informational,TOFU (Awareness),Long-tail
989,earthquake preparedness vs fire evacuation plan,YMYL,Commercial Investigation,MOFU (Consideration),Long-tail
990,get estate planning quote,YMYL,Transactional,BOFU (Decision),Long-tail
991,what is healthcare reform,YMYL,Informational,TOFU (Awareness),Long-tail
992,buy net neutrality rules online,YMYL,Transactional,BOFU (Decision),Long-tail
993,hurricane safety vs carbon monoxide leak response,YMYL,Commercial Investigation,MOFU (Consideration),Long-tail
994,top electric vehicle incentives services,YMYL,Commercial Investigation,MOFU (Consideration),Long-tail
995,order mortgage now,YMYL,Transactional,BOFU (Decision),Mid-tail
996,guide to tax deduction,YMYL,Informational,TOFU (Awareness),Long-tail
997,buy bitcoin investment online,YMYL,Transactional,BOFU (Decision),Long-tail
998,fema divorce resources,YMYL,Navigational,MOFU (Consideration),Mid-tail
999,apply for covid 19,YMYL,Transactional,BOFU (Decision),Long-tail
1000,cpr steps pricing,YMYL,Transactional,BOFU (Decision),Mid-tail
