query_id,query_text,triggered_ai_overview
1,symptoms of heart attack,y
2,life insurance reviews,n
3,apply for arthritis,b
4,cdc net neutrality rules guidelines,b
5,risks of diabetes,y
6,best tax deduction providers,b
7,order vaccination mandate now,b
8,nih bitcoin investment study,n
9,guide to hypertension,b
10,trademark registration reviews,y
11,apply for student loan,n
12,irs asthma,b
13,symptoms of dui laws,b
14,top migraine services,b
15,fire evacuation plan pricing,b
16,social security data privacy law,b
17,risks of heart attack,y
18,immigration vs eviction,b
19,download identity theft protection form,n
20,uscis eviction application,b
21,symptoms of last will,b
22,covid 19 reviews,b
23,get vaccination mandate quote,n
24,nih food poisoning treatment study,b
25,treatment options for vaccination mandate,b
26,best breast cancer providers,b
27,personal injury claim pricing,b
28,uscis breast cancer application,n
29,guide to bitcoin investment,n
30,compare hurricane safety options,b
31,life insurance pricing,y
32,fema net neutrality rules resources,b
33,benefits of last will,b
34,top tax reform bill services,n
35,get diabetes quote,b
36,irs mortgage,n
37,can food poisoning treatment be cured,b
38,best student loan forgiveness providers,b
39,arthritis pricing,b
40,nih immigration study,n
41,can hurricane safety be cured,b
42,depression reviews,b
43,minimum wage increase pricing,b
44,social security electric vehicle incentives,b
45,benefits of student loan,b
46,best gun control legislation providers,b
47,download data privacy law form,n
48,uscis diabetes application,n
49,what is last will,y
50,top estate planning services,b
51,apply for migraine,n
52,who healthcare reform factsheet,b
53,benefits of first aid basics,b
54,patent filing cost comparison,b
55,schedule tax deduction consultation,b
56,uscis personal injury claim application,b
57,can first aid basics be cured,b
58,breast cancer vs diabetes,b
59,schedule divorce consultation,b
60,cdc vaccination mandate guidelines,b
61,is heart attack worth it,b
62,schedule arthritis consultation,b
63,social security bankruptcy,y
64,can healthcare reform be cured,b
65,bitcoin investment cost comparison,b
66,apply for 401k,b
67,fema child car seat guidelines resources,b
68,what is carbon monoxide leak response,b
69,heart attack cost comparison,b
70,schedule immigration consultation,n
71,ama life insurance recommendations,b
72,benefits of mortgage,y
73,bankruptcy vs immigration,b
74,apply for first aid basics,b
75,cdc arthritis guidelines,b
76,benefits of breast cancer,n
77,affordable carbon monoxide leak response solutions,b
78,buy mortgage online,b
79,cdc mortgage guidelines,b
80,can identity theft protection be cured,b
81,affordable personal injury claim solutions,n
82,cdc roth ira guidelines,b
83,what is divorce,b
84,tax reform bill reviews,b
85,irs 401k,n
86,how does mortgage work,y
87,best vaccination mandate providers,b
88,order minimum wage increase now,b
89,uscis electric vehicle incentives application,b
90,treatment options for last will,b
91,credit score cost comparison,b
92,download credit score form,b
93,cdc immigration guidelines,b
94,how does cpr steps work,b
95,arthritis vs covid 19,b
96,find eviction near me,n
97,can eviction be cured,b
98,apply for student loan forgiveness,n
99,irs credit score,n
100,benefits of arthritis,b
101,trademark registration vs personal injury claim,b
102,irs divorce,n
103,what is identity theft protection,y
104,anxiety reviews,y
105,download eviction form,b
106,benefits of diabetes,n
107,is climate change policy worth it,b
108,get gun control legislation quote,b
109,cdc hurricane safety guidelines,b
110,what is dui laws,b
111,last will vs immigration,b
112,order patent filing now,b
113,social security healthcare reform,b
114,guide to index fund,b
115,is hypertension worth it,b
116,cybersecurity breach pricing,b
117,fema 401k resources,b
118,risks of migraine,y
119,is bitcoin investment worth it,n
120,schedule last will consultation,b
121,fema breast cancer resources,b
122,how does trademark registration work,y
123,dui laws cost comparison,b
124,buy data privacy law online,b
125,who depression factsheet,b
126,what is student loan forgiveness,y
127,covid 19 cost comparison,b
128,order dui laws now,b
129,irs gun control legislation,b
130,risks of cpr steps,n
131,divorce cost comparison,b
132,irs personal injury claim,n
133,treatment options for child custody,b
134,compare depression options,n
135,order child car seat guidelines now,b
136,who patent filing factsheet,b
137,guide to mortgage,b
138,compare estate planning options,b
139,buy first aid basics online,n
140,social security trademark registration,b
141,treatment options for cpr steps,b
142,download tax deduction form,b
143,nih 401k study,n
144,treatment options for electric vehicle incentives,b
145,compare breast cancer options,b
146,get life insurance quote,n
147,social security heart attack,b
148,food poisoning treatment vs carbon monoxide leak response,b
149,schedule food poisoning treatment consultation,b
150,irs roth ira,n
151,benefits of cybersecurity breach,b
152,best tax reform bill providers,b
153,apply for vaccination mandate,b
154,ama hurricane safety recommendations,b
155,treatment options for gun control legislation,b
156,cpr steps cost comparison,b
157,get tax reform bill quote,b
158,nih carbon monoxide leak response study,n
159,can credit score be cured,b
160,affordable credit score solutions,b
161,schedule depression consultation,b
162,uscis dui laws application,b
163,benefits of minimum wage increase,y
164,life insurance cost comparison,n
165,apply for life insurance,n
166,uscis food poisoning treatment application,b
167,guide to tax reform bill,n
168,breast cancer cost comparison,b
169,buy cpr steps online,n
170,ama net neutrality rules recommendations,b
171,symptoms of anxiety,y
172,food poisoning treatment vs first aid basics,b
173,order credit score now,b
174,fema earthquake preparedness resources,b
175,benefits of personal injury claim,b
176,best hurricane safety providers,b
177,who asthma factsheet,b
178,what is hurricane safety,b
179,is personal injury claim worth it,b
180,find bitcoin investment near me,b
181,nih personal injury claim study,n
182,how does identity theft protection work,b
183,best earthquake preparedness providers,b
184,apply for last will,n
185,benefits of roth ira,y
186,affordable index fund solutions,b
187,schedule covid 19 consultation,b
188,uscis identity theft protection application,b
189,how does estate planning work,b
190,top credit score services,b
191,climate change policy pricing,n
192,risks of 401k,b
193,top depression services,b
194,find climate change policy near me,b
195,uscis net neutrality rules application,b
196,treatment options for arthritis,y
197,affordable asthma solutions,b
198,find asthma near me,b
199,fema hurricane safety resources,b
200,symptoms of tax deduction,b
201,affordable gun control legislation solutions,b
202,food poisoning treatment pricing,b
203,irs last will,b
204,risks of bankruptcy,y
205,download divorce form,b
206,ama eviction recommendations,b
207,symptoms of student loan,b
208,compare trademark registration options,b
209,schedule climate change policy consultation,b
210,risks of first aid basics,b
211,diabetes pricing,y
212,social security mortgage,b
213,is first aid basics worth it,b
214,find first aid basics near me,b
215,nih bankruptcy study,n
216,risks of trademark registration,b
217,is breast cancer worth it,b
218,get arthritis quote,b
219,symptoms of child custody,b
220,get student loan quote,b
221,who divorce factsheet,b
222,student loan forgiveness reviews,b
223,buy fire evacuation plan online,n
224,ama student loan forgiveness recommendations,b
225,treatment options for carbon monoxide leak response,b
226,compare roth ira options,b
227,apply for fire evacuation plan,b
228,irs carbon monoxide leak response,b
229,benefits of climate change policy,b
230,apply for breast cancer,b
231,social security net neutrality rules,b
232,can net neutrality rules be cured,b
233,identity theft protection cost comparison,b
234,buy child custody online,b
235,social security minimum wage increase,b
236,how does credit score work,b
237,get minimum wage increase quote,b
238,ama asthma recommendations,b
239,symptoms of tax reform bill,b
240,apply for bankruptcy,b
241,social security credit score,y
242,risks of fire evacuation plan,b
243,credit score reviews,b
244,get heart attack quote,b
245,nih child custody study,n
246,can fire evacuation plan be cured,b
247,compare personal injury claim options,b
248,download gun control legislation form,b
249,cdc fire evacuation plan guidelines,b
250,symptoms of child car seat guidelines,n
251,diabetes vs heart attack,b
252,ama bitcoin investment recommendations,b
253,guide to eviction,b
254,affordable fire evacuation plan solutions,b
255,find personal injury claim near me,b
256,who immigration factsheet,b
257,can personal injury claim be cured,b
258,best personal injury claim providers,b
259,find fire evacuation plan near me,b
260,irs dui laws,b
261,what is first aid basics,b
262,tax reform bill cost comparison,b
263,find breast cancer near me,b
264,ama tax reform bill recommendations,n
265,symptoms of breast cancer,y
266,compare healthcare reform options,n
267,apply for carbon monoxide leak response,b
268,social security covid 19,n
269,what is credit score,b
270,top net neutrality rules services,b
271,download 401k form,b
272,ama hypertension recommendations,b
273,symptoms of patent filing,b
274,get bitcoin investment quote,b
275,who cybersecurity breach factsheet,b
276,guide to depression,b
277,compare patent filing options,b
278,depression pricing,b
279,ama electric vehicle incentives recommendations,n
280,can bitcoin investment be cured,n
281,schedule child car seat guidelines consultation,b
282,fema estate planning resources,b
283,what is mortgage,y
284,bankruptcy cost comparison,b
285,download hurricane safety form,n
286,uscis hypertension application,b
287,how does migraine work,y
288,get mortgage quote,b
289,nih migraine study,n
290,guide to child custody,b
291,anxiety cost comparison,b
292,buy bankruptcy online,n
293,how does last will work,b
294,top fire evacuation plan services,b
295,hurricane safety pricing,b
296,uscis heart attack application,b
297,treatment options for depression,b
298,personal injury claim reviews,b
299,order tax deduction now,b
300,guide to 401k,n
301,affordable vaccination mandate solutions,b
302,schedule healthcare reform consultation,b
303,ama identity theft protection recommendations,b
304,can divorce be cured,b
305,patent filing reviews,b
306,find migraine near me,b
307,fema student loan forgiveness resources,b
308,symptoms of bankruptcy,b
309,affordable mortgage solutions,n
310,order breast cancer now,n
311,nih data privacy law study,b
312,guide to divorce,b
313,best divorce providers,b
314,tax reform bill pricing,b
315,uscis estate planning application,b
316,symptoms of life insurance,b
317,best 401k providers,y
318,who data privacy law factsheet,b
319,hurricane safety vs cybersecurity breach,b
320,data privacy law pricing,b
321,ama credit score recommendations,b
322,how does dui laws work,b
323,fire evacuation plan reviews,b
324,find mortgage near me,n
325,cdc asthma guidelines,n
326,how does patent filing work,b
327,compare child car seat guidelines options,n
328,find net neutrality rules near me,n
329,ama breast cancer recommendations,b
330,treatment options for covid 19,b
331,top vaccination mandate services,b
332,order identity theft protection now,b
333,cdc hypertension guidelines,y
334,can depression be cured,y
335,diabetes vs covid 19,y
336,download mortgage form,n
337,fema patent filing resources,b
338,guide to healthcare reform,b
339,migraine cost comparison,b
340,find divorce near me,b
341,how does student loan work,y
342,is patent filing worth it,b
343,asthma pricing,b
344,ama 401k recommendations,b
345,what is breast cancer,y
346,anxiety vs hypertension,y
347,social security vaccination mandate,b
348,compare climate change policy options,n
349,index fund pricing,b
350,cdc 401k guidelines,b
351,treatment options for roth ira,b
352,is estate planning worth it,b
353,hypertension pricing,b
354,fema hypertension resources,b
355,how does minimum wage increase work,b
356,is carbon monoxide leak response worth it,b
357,apply for electric vehicle incentives,b
358,social security first aid basics,b
359,symptoms of climate change policy,b
360,order food poisoning treatment now,b
361,ama migraine recommendations,b
362,treatment options for diabetes,y
363,top healthcare reform services,b
364,find credit score near me,b
365,nih cpr steps study,n
366,guide to first aid basics,n
367,diabetes vs migraine,b
368,order cybersecurity breach now,n
369,fema bankruptcy resources,b
370,treatment options for fire evacuation plan,b
371,irs diabetes,b
372,how does asthma work,y
373,best eviction providers,n
374,find gun control legislation near me,b
375,uscis asthma application,n
376,symptoms of earthquake preparedness,b
377,is student loan forgiveness worth it,b
378,social security bitcoin investment,b
379,treatment options for anxiety,b
380,depression vs migraine,b
381,buy electric vehicle incentives online,b
382,cdc student loan forgiveness guidelines,b
383,symptoms of credit score,b
384,best dui laws providers,b
385,order index fund now,n
386,risks of arthritis,y
387,affordable food poisoning treatment solutions,b
388,benefits of hypertension,b
389,top climate change policy services,b
390,order bankruptcy now,b
391,ama cpr steps recommendations,b
392,risks of identity theft protection,b
393,is minimum wage increase worth it,b
394,nih tax reform bill study,b
395,guide to breast cancer,b
396,best climate change policy providers,b
397,schedule credit score consultation,b
398,nih credit score study,n
399,what is immigration,y
400,food poisoning treatment reviews,b
401,schedule mortgage consultation,n
402,uscis gun control legislation application,b
403,what is asthma,b
404,affordable earthquake preparedness solutions,b
405,order anxiety now,b
406,guide to immigration,n
407,find tax reform bill near me,b
408,minimum wage increase cost comparison,b
409,schedule dui laws consultation,b
410,irs eviction,b
411,risks of minimum wage increase,b
412,dui laws reviews,b
413,get 401k quote,b
414,who last will factsheet,b
415,how does healthcare reform work,b
416,affordable bitcoin investment solutions,b
417,download electric vehicle incentives form,b
418,affordable migraine solutions,b
419,buy trademark registration online,n
420,irs patent filing,b
421,can bankruptcy be cured,b
422,apply for immigration,n
423,fema electric vehicle incentives resources,b
424,what is cpr steps,b
425,cpr steps vs child car seat guidelines,b
426,irs migraine,b
427,benefits of immigration,b
428,affordable breast cancer solutions,b
429,get first aid basics quote,b
430,nih dui laws study,n
431,treatment options for food poisoning treatment,b
432,apply for anxiety,b
433,nih net neutrality rules study,n
434,benefits of child custody,b
435,immigration reviews,b
436,order trademark registration now,b
437,irs estate planning,n
438,guide to patent filing,b
439,top eviction services,b
440,nih anxiety study,n
441,treatment options for life insurance,b
442,cybersecurity breach vs hurricane safety,b
443,401k pricing,b
444,net neutrality rules reviews,b
445,get index fund quote,n
446,can last will be cured,b
447,affordable student loan forgiveness solutions,b
448,can child custody be cured,b
449,order gun control legislation now,b
450,who life insurance factsheet,b
451,top patent filing services,b
452,nih hypertension study,n
453,fire evacuation plan vs first aid basics,b
454,order divorce now,b
455,best last will providers,b
456,find immigration near me,b
457,cdc index fund guidelines,b
458,benefits of bankruptcy,b
459,best carbon monoxide leak response providers,b
460,heart attack pricing,b
461,fema index fund resources,b
462,risks of depression,y
463,best immigration providers,n
464,ama diabetes recommendations,b
465,what is gun control legislation,b
466,electric vehicle incentives vs healthcare reform,b
467,buy personal injury claim online,b
468,benefits of net neutrality rules,b
469,is arthritis worth it,b
470,buy arthritis online,b
471,cdc carbon monoxide leak response guidelines,n
472,top anxiety services,b
473,apply for index fund,n
474,nih earthquake preparedness study,n
475,risks of roth ira,y
476,compare anxiety options,n
477,download net neutrality rules form,n
478,social security divorce,y
479,top trademark registration services,b
480,order personal injury claim now,b
481,apply for asthma,b
482,who cpr steps factsheet,b
483,treatment options for student loan forgiveness,n
484,is diabetes worth it,b
485,download trademark registration form,n
486,who net neutrality rules factsheet,b
487,can child car seat guidelines be cured,b
488,apply for divorce,b
489,who child car seat guidelines factsheet,b
490,can hypertension be cured,y
491,top hypertension services,b
492,find student loan near me,n
493,cdc cpr steps guidelines,b
494,affordable dui laws solutions,b
495,get covid 19 quote,b
496,fema data privacy law resources,b
497,heart attack reviews,b
498,order first aid basics now,b
499,nih minimum wage increase study,b
500,who migraine factsheet,b
501,compare immigration options,b
502,get eviction quote,b
503,social security patent filing,b
504,best bitcoin investment providers,b
505,find patent filing near me,b
506,who first aid basics factsheet,b
507,order net neutrality rules now,b
508,who minimum wage increase factsheet,b
509,can immigration be cured,b
510,get tax deduction quote,b
511,eviction reviews,n
512,find last will near me,b
513,irs student loan forgiveness,b
514,get healthcare reform quote,b
515,what is climate change policy,b
516,compare heart attack options,b
517,order estate planning now,b
518,ama climate change policy recommendations,b
519,symptoms of student loan forgiveness,b
520,cybersecurity breach cost comparison,b
521,can carbon monoxide leak response be cured,b
522,student loan reviews,n
523,find dui laws near me,b
524,uscis hurricane safety application,b
525,how does gun control legislation work,b
526,affordable last will solutions,b
527,download depression form,n
528,irs index fund,n
529,net neutrality rules vs healthcare reform,b
530,find child custody near me,b
531,ama index fund recommendations,b
532,can tax reform bill be cured,b
533,best bankruptcy providers,b
534,download asthma form,n
535,uscis life insurance application,b
536,affordable cpr steps solutions,b
537,buy patent filing online,b
538,guide to dui laws,b
539,nih patent filing study,n
540,can asthma be cured,b
541,top student loan forgiveness services,b
542,order 401k now,b
543,guide to life insurance,n
544,find hypertension near me,b
545,ama first aid basics recommendations,b
546,benefits of estate planning,n
547,is child custody worth it,b
548,mortgage pricing,b
549,ama data privacy law recommendations,b
550,can student loan forgiveness be cured,b
551,is anxiety worth it,b
552,ama covid 19 recommendations,b
553,risks of child custody,b
554,affordable covid 19 solutions,b
555,cdc life insurance guidelines,b
556,is migraine worth it,b
557,order hurricane safety now,b
558,ama mortgage recommendations,b
559,risks of hypertension,y
560,affordable data privacy law solutions,b
561,uscis bitcoin investment application,b
562,symptoms of data privacy law,b
563,tax reform bill vs vaccination mandate,n
564,patent filing pricing,b
565,treatment options for bitcoin investment,b
566,order immigration now,b
567,symptoms of divorce,y
568,affordable anxiety solutions,b
569,schedule bankruptcy consultation,b
570,nih tax deduction study,b
571,benefits of student loan forgiveness,b
572,covid 19 vs breast cancer,b
573,best hypertension providers,b
574,order healthcare reform now,b
575,social security carbon monoxide leak response,b
576,order hypertension now,b
577,fema roth ira resources,b
578,symptoms of hurricane safety,b
579,ama trademark registration recommendations,b
580,can gun control legislation be cured,b
581,affordable tax deduction solutions,n
582,what is eviction,b
583,trademark registration vs eviction,b
584,irs data privacy law,b
585,benefits of fire evacuation plan,b
586,roth ira pricing,y
587,ama cybersecurity breach recommendations,b
588,best electric vehicle incentives providers,b
589,affordable first aid basics solutions,b
590,schedule vaccination mandate consultation,n
591,ama minimum wage increase recommendations,b
592,how does data privacy law work,b
593,best minimum wage increase providers,n
594,schedule gun control legislation consultation,b
595,who gun control legislation factsheet,b
596,can student loan be cured,b
597,download arthritis form,b
598,affordable climate change policy solutions,b
599,what is minimum wage increase,b
600,top child car seat guidelines services,b
601,apply for climate change policy,b
602,benefits of hurricane safety,b
603,child car seat guidelines cost comparison,b
604,who arthritis factsheet,b
605,buy roth ira online,n
606,risks of net neutrality rules,b
607,fema heart attack resources,n
608,risks of climate change policy,b
609,top 401k services,n
610,download climate change policy form,b
611,social security climate change policy,b
612,tax deduction vs roth ira,b
613,tax deduction pricing,n
614,cdc trademark registration guidelines,n
615,benefits of electric vehicle incentives,b
616,affordable hurricane safety solutions,b
617,cdc bitcoin investment guidelines,b
618,guide to net neutrality rules,b
619,gun control legislation reviews,n
620,irs student loan,n
621,how does child car seat guidelines work,b
622,social security breast cancer,b
623,treatment options for cybersecurity breach,b
624,divorce vs trademark registration,b
625,schedule migraine consultation,b
626,fema vaccination mandate resources,b
627,treatment options for tax deduction,b
628,ama dui laws recommendations,n
629,is last will worth it,b
630,who vaccination mandate factsheet,b
631,eviction vs personal injury claim,b
632,uscis first aid basics application,b
633,is hurricane safety worth it,b
634,download index fund form,n
635,cdc tax deduction guidelines,b
636,how does climate change policy work,b
637,social security roth ira,b
638,treatment options for tax reform bill,b
639,buy earthquake preparedness online,b
640,fema gun control legislation resources,b
641,get net neutrality rules quote,b
642,who diabetes factsheet,n
643,trademark registration cost comparison,b
644,social security cpr steps,b
645,diabetes cost comparison,b
646,download food poisoning treatment form,b
647,who heart attack factsheet,b
648,guide to migraine,y
649,top child custody services,b
650,ama estate planning recommendations,n
651,how does divorce work,b
652,best patent filing providers,b
653,buy student loan online,b
654,who estate planning factsheet,b
655,symptoms of fire evacuation plan,b
656,estate planning vs mortgage,b
657,order data privacy law now,b
658,uscis 401k application,b
659,guide to diabetes,b
660,is 401k worth it,y
661,order electric vehicle incentives now,b
662,nih divorce study,n
663,risks of carbon monoxide leak response,b
664,nih covid 19 study,n
665,how does 401k work,y
666,eviction cost comparison,b
667,irs immigration,y
668,fema carbon monoxide leak response resources,b
669,how does heart attack work,y
670,find electric vehicle incentives near me,b
671,how does food poisoning treatment work,b
672,vaccination mandate reviews,b
673,get hurricane safety quote,b
674,nih trademark registration study,n
675,how does hurricane safety work,b
676,compare mortgage options,n
677,risks of bitcoin investment,n
678,fema child custody resources,b
679,treatment options for bankruptcy,b
680,cpr steps reviews,b
681,social security immigration,b
682,benefits of gun control legislation,n
683,bitcoin investment pricing,n
684,risks of credit score,b
685,download fire evacuation plan form,b
686,fema tax reform bill resources,b
687,guide to gun control legislation,b
688,what is estate planning,b
689,is net neutrality rules worth it,b
690,social security depression,y
691,risks of gun control legislation,b
692,get cpr steps quote,b
693,ama divorce recommendations,b
694,diabetes reviews,y
695,find trademark registration near me,b
696,how does bankruptcy work,b
697,buy depression online,b
698,healthcare reform reviews,b
699,fema cybersecurity breach resources,n
700,earthquake preparedness vs first aid basics,b
701,how does immigration work,y
702,is healthcare reform worth it,b
703,download last will form,b
704,ama depression recommendations,b
705,guide to data privacy law,b
706,download dui laws form,n
707,nih healthcare reform study,b
708,how does electric vehicle incentives work,b
709,top student loan services,n
710,apply for credit score,y
711,who student loan factsheet,b
712,healthcare reform cost comparison,b
713,benefits of identity theft protection,y
714,affordable student loan solutions,b
715,can mortgage be cured,b
716,carbon monoxide leak response cost comparison,b
717,get carbon monoxide leak response quote,b
718,cdc covid 19 guidelines,y
719,compare last will options,n
720,download bitcoin investment form,n
721,symptoms of minimum wage increase,b
722,best data privacy law providers,b
723,schedule first aid basics consultation,n
724,social security fire evacuation plan,b
725,top dui laws services,b
726,schedule fire evacuation plan consultation,b
727,healthcare reform vs student loan forgiveness,b
728,find covid 19 near me,b
729,who student loan forgiveness factsheet,b
730,symptoms of trademark registration,b
731,who eviction factsheet,b
732,treatment options for index fund,b
733,estate planning pricing,b
734,ama food poisoning treatment recommendations,b
735,find carbon monoxide leak response near me,b
736,irs climate change policy,b
737,net neutrality rules vs tax reform bill,b
738,uscis trademark registration application,n
739,is tax reform bill worth it,b
740,apply for heart attack,b
741,irs earthquake preparedness,b
742,asthma vs hypertension,y
743,eviction pricing,b
744,benefits of anxiety,y
745,compare asthma options,n
746,apply for mortgage,n
747,find heart attack near me,b
748,find anxiety near me,b
749,fema eviction resources,b
750,how does index fund work,y
751,download healthcare reform form,n
752,can cpr steps be cured,b
753,download breast cancer form,b
754,cdc minimum wage increase guidelines,b
755,benefits of dui laws,b
756,get patent filing quote,b
757,uscis tax deduction application,b
758,personal injury claim vs divorce,b
759,cdc migraine guidelines,b
760,how does eviction work,b
761,nih gun control legislation study,n
762,can minimum wage increase be cured,b
763,get migraine quote,b
764,nih eviction study,n
765,how does covid 19 work,b
766,schedule heart attack consultation,b
767,uscis migraine application,b
768,arthritis cost comparison,b
769,schedule student loan consultation,b
770,nih child car seat guidelines study,b
771,best arthritis providers,b
772,buy life insurance online,b
773,ama fire evacuation plan recommendations,b
774,treatment options for trademark registration,b
775,affordable arthritis solutions,b
776,schedule anxiety consultation,b
777,can vaccination mandate be cured,b
778,affordable child custody solutions,b
779,treatment options for breast cancer,b
780,best anxiety providers,b
781,apply for identity theft protection,y
782,social security tax deduction,b
783,irs bankruptcy,n
784,best fire evacuation plan providers,b
785,schedule hurricane safety consultation,b
786,treatment options for child car seat guidelines,b
787,identity theft protection vs fire evacuation plan,b
788,who 401k factsheet,b
789,is fire evacuation plan worth it,b
790,irs identity theft protection,n
791,symptoms of hypertension,n
792,climate change policy vs net neutrality rules,b
793,schedule 401k consultation,b
794,cdc personal injury claim guidelines,b
795,benefits of trademark registration,b
796,what is 401k,y
797,breast cancer reviews,n
798,bitcoin investment reviews,n
799,guide to estate planning,b
800,get food poisoning treatment quote,b
801,can trademark registration be cured,b
802,roth ira vs student loan,n
803,nih diabetes study,n
804,guide to hurricane safety,b
805,tax deduction vs estate planning,b
806,identity theft protection reviews,b
807,cdc depression guidelines,b
808,treatment options for first aid basics,b
809,schedule breast cancer consultation,b
810,cdc patent filing guidelines,b
811,find estate planning near me,n
812,cdc child custody guidelines,b
813,get student loan forgiveness quote,b
814,risks of breast cancer,y
815,estate planning reviews,b
816,find arthritis near me,b
817,fema anxiety resources,b
818,treatment options for minimum wage increase,b
819,compare identity theft protection options,b
820,buy index fund online,b
821,treatment options for estate planning,b
822,find hurricane safety near me,b
823,what is heart attack,y
824,top bitcoin investment services,b
825,irs trademark registration,n
826,top hurricane safety services,b
827,find minimum wage increase near me,b
828,benefits of asthma,b
829,find diabetes near me,n
830,fema life insurance resources,b
831,symptoms of gun control legislation,b
832,trademark registration vs immigration,b
833,uscis roth ira application,b
834,buy 401k online,b
835,nih index fund study,b
836,treatment options for personal injury claim,b
837,download bankruptcy form,n
838,nih last will study,b
839,schedule net neutrality rules consultation,b
840,fema climate change policy resources,b
841,benefits of migraine,b
842,life insurance vs index fund,n
843,ama patent filing recommendations,b
844,guide to covid 19,b
845,asthma reviews,n
846,apply for estate planning,b
847,irs covid 19,n
848,treatment options for patent filing,b
849,download cpr steps form,b
850,is asthma worth it,b
851,download roth ira form,b
852,cdc dui laws guidelines,b
853,top bankruptcy services,b
854,bitcoin investment vs mortgage,b
855,schedule life insurance consultation,b
856,cdc breast cancer guidelines,b
857,treatment options for earthquake preparedness,b
858,is credit score worth it,b
859,benefits of earthquake preparedness,b
860,vaccination mandate vs student loan forgiveness,b
861,cdc climate change policy guidelines,b
862,climate change policy vs data privacy law,n
863,student loan forgiveness pricing,b
864,buy minimum wage increase online,n
865,trademark registration pricing,b
866,what is vaccination mandate,b
867,fema trademark registration resources,b
868,what is food poisoning treatment,y
869,electric vehicle incentives vs data privacy law,b
870,benefits of tax deduction,b
871,affordable immigration solutions,b
872,get credit score quote,b
873,is child car seat guidelines worth it,b
874,child custody pricing,b
875,top cybersecurity breach services,b
876,first aid basics pricing,n
877,who earthquake preparedness factsheet,b
878,what is student loan,y
879,compare migraine options,b
880,who fire evacuation plan factsheet,b
881,uscis vaccination mandate application,n
882,risks of anxiety,y
883,heart attack vs depression,b
884,get trademark registration quote,b
885,nih asthma study,n
886,affordable trademark registration solutions,b
887,risks of child car seat guidelines,b
888,best mortgage providers,n
889,who roth ira factsheet,b
890,what is anxiety,y
891,best identity theft protection providers,y
892,irs heart attack,b
893,guide to carbon monoxide leak response,b
894,compare arthritis options,b
895,fema depression resources,b
896,symptoms of arthritis,y
897,electric vehicle incentives reviews,b
898,risks of cybersecurity breach,b
899,patent filing vs dui laws,b
900,get identity theft protection quote,b
901,ama arthritis recommendations,b
902,best roth ira providers,n
903,download diabetes form,n
904,apply for earthquake preparedness,n
905,nih roth ira study,n
906,best diabetes providers,b
907,get hypertension quote,b
908,how does student loan forgiveness work,y
909,order asthma now,b
910,fema identity theft protection resources,b
911,benefits of food poisoning treatment,b
912,best child custody providers,b
913,symptoms of diabetes,y
914,divorce vs personal injury claim,b
915,apply for gun control legislation,b
916,download hypertension form,n
917,irs hurricane safety,n
918,best trademark registration providers,b
919,irs cybersecurity breach,b
920,download immigration form,n
921,fema diabetes resources,b
922,what is earthquake preparedness,b
923,compare covid 19 options,b
924,uscis child car seat guidelines application,n
925,can breast cancer be cured,y
926,affordable patent filing solutions,b
927,is gun control legislation worth it,b
928,401k cost comparison,y
929,schedule bitcoin investment consultation,b
930,fema immigration resources,b
931,carbon monoxide leak response reviews,b
932,benefits of healthcare reform,b
933,symptoms of vaccination mandate,n
934,risks of data privacy law,b
935,compare life insurance options,b
936,can anxiety be cured,b
937,electric vehicle incentives cost comparison,b
938,order student loan forgiveness now,b
939,irs arthritis,b
940,heart attack vs anxiety,y
941,credit score pricing,y
942,what is tax deduction,b
943,food poisoning treatment cost comparison,b
944,risks of tax reform bill,b
945,child custody vs last will,b
946,get bankruptcy quote,b
947,who hypertension factsheet,b
948,guide to minimum wage increase,b
949,nih estate planning study,b
950,roth ira reviews,n
951,fema first aid basics resources,b
952,is student loan worth it,b
953,schedule trademark registration consultation,b
954,ama gun control legislation recommendations,b
955,bankruptcy vs last will,b
956,earthquake preparedness pricing,b
957,what is hypertension,y
958,breast cancer vs migraine,b
959,what is child car seat guidelines,b
960,nih vaccination mandate study,n
961,is food poisoning treatment worth it,b
962,apply for trademark registration,n
963,can earthquake preparedness be cured,b
964,tax deduction vs index fund,b
965,uscis credit score application,b
966,best heart attack providers,b
967,mortgage reviews,n
968,schedule index fund consultation,b
969,social security student loan forgiveness,n
970,immigration pricing,n
971,compare 401k options,b
972,schedule minimum wage increase consultation,b
973,ama bankruptcy recommendations,b
974,get personal injury claim quote,b
975,social security anxiety,n
976,symptoms of mortgage,b
977,is eviction worth it,b
978,download carbon monoxide leak response form,n
979,compare minimum wage increase options,b
980,what is arthritis,y
981,buy vaccination mandate online,b
982,guide to student loan,b
983,apply for bitcoin investment,n
984,cdc child car seat guidelines guidelines,b
985,affordable healthcare reform solutions,b
986,is depression worth it,b
987,schedule roth ira consultation,b
988,benefits of index fund,b
989,earthquake preparedness vs fire evacuation plan,b
990,get estate planning quote,b
991,what is healthcare reform,y
992,buy net neutrality rules online,b
993,hurricane safety vs carbon monoxide leak response,b
994,top electric vehicle incentives services,b
995,order mortgage now,b
996,guide to tax deduction,n
997,buy bitcoin investment online,n
998,fema divorce resources,b
999,apply for covid 19,b
1000,cpr steps pricing,b
