fever_id,claim,classification
139994,Scandal is from the 1950's.,False
86133,Rabies is a disease.,True
60162,Stephenie Meyer created Edward Cullen.,True
115386,Motion is good for heart health.,True
21853,Harold Macmillan worked in politics.,True
62919,"Trevor Griffiths was only born on April 14, 1935.",False
189874,Augutus Prew's mother was a clothing designer.,True
64966,Camp Flog Gnaw is a convention.,False
148755,Humphrey Bogart received an award nomination.,True
121645,Billboard Dad stars Ashley and Mary-Kate Olsen.,True
36829,Highway to Heaven is a Korean television series.,False
6539,Jack Falahee's birth year is 1989.,True
63627,Rhythm Nation was covered by an American singer and songwriter.,True
177974,"In some cultures, money is given away instead of candy when Trick-or-Treating.",True
119519,Scotty Moore was American and Irish.,False
225863,Revolver topped America's Billboard Top LP's list for six weeks in 1965.,False
17718,Hourglass is the sixteenth studio album of James Taylor.,False
30673,Sebastian Stan hasn't acted in a miniseries.,False
203374,Goosebumps (film) is based on a story by Jane Austen.,False
2405,Derek Hough starred in Make Your Move.,True
25247,The Bee Gees produced music.,True
112777,Exercise lowers resting heart rate.,True
197364,Simón Bolívar is still alive.,False
159315,Weill Cornell Medicine has no affiliation with medicine whatsoever.,False
50948,Sausage Party is a horror film.,False
135311,Robert Lorenz directed Trouble with the Curve.,True
204415,Brad Wilk was a member of Greta in 1990.,True
127981,Zoe Saldana was born on June 19.,True
2938,Legendary Entertainment is an independent company.,False
214787,The Tracey Fragments had its North American premiere at a film festival.,True
4246,Meteora is a country album.,False
78289,Temple of the Dog is the name of a band.,True
75728,X-Men: Apocalypse is a sequel directed by Bryan Singer.,True
166658,Anne Rice was born in the southern United States.,True
9849,Michigan is not a U.S. state.,False
1709,The IPhone 4 was marketed by Apple Inc..,True
68784,There is an island called Java.,True
199676,Andrea Pirlo plays for only one team.,False
199265,Prince Charles and Lady Diana eloped in July 1981.,False
108734,Manchester by the Sea is a film that was premiered at the Sundance Film Festival.,True
188136,Stephen Moyer worked with Ron Perlman.,True
116668,A Milli is a song by Lil Wayne.,True
45638,Annelise van der Pol declined to ever do musical theater.,False
144222,2 Hearts is a song by a human.,True
115183,The United States dollar is not exclusively used in the United States.,True
146015,Anushka Sharma won an award.,True
175658,"Fabian Nicieza died December 31, 1961.",False
106392,Michael Hutchence died in a hotel room in Sydney.,True
41980,Aphrodite is married to the Greek god of blacksmiths.,True
29534,Temple Mount has nothing to do with an Abrahamic religion.,False
130220,Same Old Love is by Demi Lovato.,False
72132,Qin dynasty ended around 300 BC.,False
179302,Franchising is regulated in the United States.,True
85895,Garden State was shown at an American film fair.,True
120442,Daggering is a form of music.,False
193419,The Eighth Doctor has only ever aired on FX.,False
124264,Tye Sheridan is a dancer.,False
20605,Bad Romance was one of the worst-selling singles of all time.,False
70310,The Maze Runner is a motion picture.,True
196750,Marnie is a film.,True
147158,"NXT Tag Team Championship was created by World Wrestling Entertainment, Inc.",True
136427,Malta lies far to the south of the historical Melita.,False
80429,Saw II came out in a digital optical disc storage format.,True
17054,A near-Earth object is not a large orbiting body.,True
28593,The Wonder Years received a Peabody Award.,True
200262,Quentin Tarantino's original screenplay was the basis for the film Natural Born Killers.,True
187571,Dan Brown published a 2003 bestselling novel.,True
149286,T2 Trainspotting is set in and around Aberdeen.,False
116113,Lou Gehrig was voted a great first baseman.,True
194922,Stripes had a person appear in it.,True
127540,Guillermo del Toro was born.,True
136290,Java is an landform.,True
30638,Mandy Moore is an American citizen.,True
53676,Birthday Song (2 Chainz song) was produced by a producer.,True
205088,The Little Prince (2015 film) is incapable of being a film.,False
50529,Veep has won the Television Critics Association Award for Outstanding Achievement in Comedy.,True
221087,A&E is a German channel.,False
117000,Michigan is the eighth most populous of the 50 United States.,False
194221,Mike Friedrich is American.,True
126561,Johnny Van Zant became the lead vocalist for Lynyrd Skynyrd in 1997.,False
219130,Valencia is a city.,True
53796,A version of Despacito features Victor Manuelle.,True
163977,Veeram is an Indian Tamil film.,True
205102,Gaius Julius Caesar was only born in 430 BC.,False
225804,Chinatown was directed Quentin Tarantino exclusively.,False
173505,Sancho Panza is a character in a novel written by an author.,True
182267,Saturn Corporation is a registered voter.,False
88473,Edward G. Robinson is a star in The Cincinnati Kid.,True
165881,Buffy Summers appears in only in a film.,False
39405,Lou Gehrig was a baseball player who defended the area near the first base.,True
58800,Star Trek: Discovery is the first series since 2005's Star Trek Enterprise.,True
132355,David Packouz is a sculptor.,False
108755,The SpongeBob SquarePants Movie was directed by Stephen Hillenburg.,True
164506,The Nobel Prize in Chemistry was awarded to a person from anywhere except the Netherlands.,False
80970,Aristotle never visited Athens.,False
198066,Story of My Life was recorded by an English Irish band.,True
204630,Rio's sequel is a 2013 film.,False
160304,French Indochina was unofficially known as the Indochinese Union then the Indochinese Federation.,False
99849,Humphrey Bogart was not ranked greatest male star of Classic American cinema in 1999.,False
36333,Underdog was directed by a Belgian film director.,True
153261,The CONCACAF Champions League is a dead body.,False
85642,Neil Diamond has a middle name called Leslie.,True
18397,Scandal plays rock music.,True
57622,B. R. Ambedkar was the recipient of an award.,True
60144,James Brolin is not from America.,False
160814,Juventus Stadium in Turin is the home stadium for Juventus F.C.,True
8316,Brent Mydland was a member of the Grateful Dead.,True
175921,Aunt May is a character that appeared in comics.,True
131969,Vatican City has yet to be established.,False
216791,Timur was only Chinese.,False
117316,Vatican City was established as a city-state by the Lateran Treaty.,True
75584,Faye Resnick is known for her appearances on television.,True
90080,Terry Crews played on the Los Angeles Rams in 1996.,False
222738,Vedic Sanskrit is an ancient writing system.,False
134983,The English Wikipedia is the Spanish-language edition of an encyclopedia.,False
117063,Derek Hough starred in a work.,True
155920,Taylor Lautner appeared in The Bernie Mac Show in 2001.,False
63308,Dan Trachtenberg is an American filmmaker.,True
100446,Shomu Mukherjee died of a heart attack in November.,False
54411,Babur was born in 1483.,True
23729,The Dodo has been depicted with a green beak.,True
66801,Cheese in the Trap (TV series) stars Batman.,False
223273,The Baja 1000 was covered by Jim McKay in 1968.,True
211009,Resident Evil is a film.,True
122000,Danger UXB is a TV show.,True
142735,Elizabeth I was the daughter of a salesman.,False
9504,Pink covered the song Rhythm Nation.,True
134344,Joe Rogan was a person.,True
119794,Amancio Ortega is a business tycoon.,True
217025,Jab Tak Hai Jaan was praised for its cinematography and direction.,True
10675,Manchester United F.C. was the world's highest-earning tennis club for a season.,False
42583,Henry III assumed the throne when he was 9 years old in 1246.,False
193844,"Ed Gagliardi died on April 11, 2014.",False
1746,Sheryl Lee has yet to work with Woody Allen.,False
17374,John DiMaggio had a role on Teen Titans.,True
75538,Hedda Gabler's world premiere took place in Schwabing.,False
131670,Michael Hutchence has yet to die.,False
109036,Atlanta metropolitan area is located in south Georgia.,False
17628,Jack Lowden is incapable of being an actor.,False
124050,Kung Fu Panda was released in theaters in 2006.,False
32595,Castlevania was developed by Konami.,True
172108,Selena Gomez & the Scene's debut album was released in 2008.,False
41265,Carlos Santana is a musician.,True
62201,The Gifted was created for Fox.,True
116269,One Flew Over the Cuckoo's Nest was released in a year between 1934 and 1970.,False
142631,Raja Hindustani is a 1996 drama romance film directed by Michael Fassbender.,False
182915,The soundtrack of Far from the Madding Crowd was by Waluigi.,False
88479,West Virginia only borders Vermont to the northeast.,False
110008,The University of Illinois at Chicago is a high school.,False
40528,SpongeBob SquarePants is not a series.,False
165699,Randy Jackson turned down working as a judge for American Idol (season 8).,False
21146,Kuching is a city in Singapore.,False
72401,The Columbia River contains locks for shipping channels.,True
96377,"In 2015, among Americans, 11% of adults had consumed alcoholic drink at some point.",False
105419,Youtube is not a website.,False
181255,Sean Gunn was on Gilmore Girls.,True
226843,"Sejong the Great was born on May 15, 1397.",True
141801,TakePart is a division of a film production company.,True
131965,Andrew Kevin Walker is a writer.,True
206712,Samwell Tarly appears in novels by George R. R. Martin.,True
137842,Arizona is a mass-marketed beverage.,True
70311,IMDb is a professional Dota 2 player.,False
127402,Mandy Moore is a writer.,True
1251,"Watertown, Massachusetts is in the most populous state in New England.",True
36063,Catherine Keener appeared in a film.,True
154314,Southern Hospitality was unable to reach the Top 40.,False
78345,Konidela Production Company is a book.,False
4171,A monster is a creature.,True
92641,David Packouz was born in the 1980's.,True
142286,Shadowhunters did not begin its second season in January 2017.,False
36308,Marco Polo left a chronicle.,True
7769,Tottenham Hotspur F.C. is Scottish.,False
8550,The Mirny (sloop-of-war) was commanded by a person.,True
186320,The Hunchback of Notre Dame is based off of a book.,True
13396,Anushka Sharma won a Filmfare Award for Best Supporting Actress.,True
122692,The Residenztheater is where Hedda Gabler's world premiere took place.,True
136853,Rachel Green is a fictional hat.,False
43563,Birthday Song (2 Chainz song) was unable to get produced by Mike Dean.,False
93300,Eric Bana died in 1968.,False
148167,Hush (2016 film) was produced.,True
35681,Internet access avoids the use of computer terminals.,False
143042,Staton is the middle name of Matt Bomer.,True
143144,Henri Kontinen won the Australian Open men's doubles championship in 2011.,False
135836,"Lemmy was known for his soft, gentle voice.",False
78843,Skopje was contested between dead bodies.,False
49838,Dakota Fanning is American.,True
74488,Laura Robson is a Wimbledon Junior Girls' Championship winner.,True
69837,The United Nations Charter was drafted in 1946.,False
10461,Kuching is in Sri Lanka.,False
5578,Australia (2008 film) production took place in Kununurra.,True
73941,Underdog refused to cast Peter Dinklage.,False
53669,Guns N' Roses is an American hard rock restaurant.,False
11853,Robinson Crusoe on Mars was distributed by an American film studio in 2006.,False
193525,Several awards have been given to Bala for his work.,True
149607,"Charlotte, North Carolina banned any corporation headquarters forever.",False
125458,Ed and Lorraine Warren were dogs.,False
75770,Shawn Carlson was born in 1920.,False
153539,Superhuman abilities may be impeded by human enhancement by nanotechnology.,False
89322,Simon Pegg is English.,True
145061,"Ed Gein did not commit crimes around Plainfield, Wisconsin.",False
121468,Homo sapiens are on the IUCN Red List.,True
118068,Liverpool is unrelated to The Beatles.,False
97251,Rob Sheridan was born on September.,False
117409,Starrcade was eventually broadcast via pay-per-view umbrella.,True
142638,"Scotty Moore was born on May 27, 1931.",False
124862,How to Train Your Dragon 2 used old animation software.,False
203156,Polynesian languages include Tahitian.,True
137335,"Kerplunk, released in 1990, was Green Day's last album on the Lookout Records label.",False
76165,"Camden, New Jersey is in Camden County, New Jersey.",True
108376,"Prescott, Arizona is an American city.",True
182918,The cinematography of Far from the Madding Crowd was by Waluigi.,False
108345,Raven-Symoné refuses to be an actress.,False
198216,Saturn is the second-largest planet in the Solar System.,True
175930,Aunt May is a character that appeared in movies.,True
202764,Despicable Me 2 was animated by a dog.,False
187375,Rob McElhenney plays Mac on an FX/FXX comedy series.,True
220290,Peter Yates refused to direct the movie Bullitt.,False
194367,Happiness in Slavery is a not song by a band.,False
12843,Penguin Books revolutionized publishing in the 1930s.,True
206437,Uta Hagan is incapable of being an American actress.,False
46666,Gin derives its main flavour from strawberries.,False
192793,A staging area is only an unused piece of land.,False
100919,Sidse Babett Knudsen works in radio.,False
108281,Andrew Kevin Walker is only Chinese.,False
181823,Don Hall is a Walt Disney Animation Studios filmmaker.,True
145616,Donald Duck typically wears only a dress.,False
140299,Donna Noble is unfamiliar with the Doctor Who franchise.,False
849,John S. McCain Jr. graduated in 1931.,True
209103,Sennacherib's youngest daughter was Esarhaddon.,False
225722,David Lloyd George was a prime minister.,True
78855,Henry Condell had zero widows.,False
112334,Kojol received the third highest civilian honour of the country.,False
92625,Maximum Overdrive is a film from 1986.,True
64131,Deepika Padukone has only been in one Indian film.,False
13515,Petyr Baelish is created by an American author George R.R. Martin.,True
165890,"Alice Cooper was born on February 4th, 1948.",True
138758,I Kissed a Girl was only recorded by Donald Trump.,False
134126,Jason Bourne removed Riz Ahmed from the movie's cast.,False
61989,Rupert Murdoch has worked since at least 1354.,False
204557,Commodore is only a land rank.,False
16646,Andrew Moray led an uprising against occupation in 1297.,True
60425,Salman Rushdie was a winner of the Booker Prize.,True
142490,"Benjamin Franklin finished college on April 17th, 1790.",False
19484,The Vandals established kingdoms in the 8th century.,False
156656,Melilla shares a border with a country.,True
13894,English people are descended from the Angles.,True
175436,A manga series illustrated by Takeshi Obata is the basis for the Japanese television drama series Death Note.,True
94918,Helmand Province is in Iraq.,False
81007,Touchscreens are used in tablet gaming computers.,True
110635,A French business publishes Michelin Guides.,True
196757,Marnie was exclusively directed by a woman.,False
155989,Scaramouche is a stock character of a horse.,False
44347,Duff McKagan was born in May of 1964.,False
140032,Georges Gilles de la Tourette failed to describe symptoms in nine patients.,False
24479,Charles de Gaulle was a leader in the French Resistance.,True
154859,George III of the United Kingdom did not experience Great Britain as a dominant European power.,False
192858,Ian Brennan only works in mining.,False
227362,Giada at Home was only available on DVD.,False
3119,The University of Illinois at Chicago is located in Jamaica.,False
184049,Kenneth Lonergan is a songwriter.,False
64910,James Brolin has never appeared in television.,False
137416,Arizona is a part of France.,False
153836,Camp Flog Gnaw is barred from being a carnival.,False
134387,2016 Tour de France was not won by Chris Froome.,False
176628,Great white sharks prefer humans as prey.,False
10650,Rehab is Amy Winehouse's signature song.,True
142462,"During the Battle of France, English forces occupied Paris.",False
47228,Chris Bosh played with the basketball team in Miami.,True
148779,The Challenge XXX: Dirty 30 is a season of an Australian TV show.,False
119515,Cars 3 is a computer animated prototype.,False
18051,Kate Walsh has yet to appear on an ABC television drama.,False
67818,"On January 5, 1998, Sonny Bono perished.",True
13688,Salt River Valley is on the Mississippi River.,False
113467,Telemundo is incapable of being an American television network.,False
186941,Cher was released only by Sony Music.,False
164896,Hezbollah received a type of support from Syria.,True
157273,Salman Rushdie was accused of plagiarizing a 1981 novel.,False
168041,Larry Wilmore is Canadian.,False
98274,"Pink was born on September 4, 1970.",False
69238,No Country for Old Men is a drama.,True
118481,Some Kentucky inmates are executed by lethal injection instead of the electric chair.,True
221245,"The Block (album)'s single was released on November 18, 2008.",False
190153,In 1995 Oscar de la Hoya was named Fighter of the Year.,True
182282,Saturn Corporation is a subsidiary of no other entities.,False
129066,Dev Patel has not worked with Neill Blomkamp.,False
39171,Brazzers is based in Canada.,True
171496,Jiang Wen is exclusively American.,False
194753,L. Ron Hubbard spent the remaining years of his life on a ranch.,True
122767,T2 Trainspotting is set in and around Dundee.,False
127098,MSG has a bitter taste.,False
2374,Anthony Scaramucci is not a political figure.,False
193893,Bea Arthur's birth name was Bea Arthur.,False
193884,Bea Arthur was born in 1922.,True
185736,Mani Ratnam is given credit by many people for changing the profile of Indian cinema.,True
182043,The Fly is exclusively a novel.,False
186591,Asylum Records is a record label founded in 1971.,True
223346,The principal photography of The Disaster Artist (film) is incapable of starting.,False
46513,The filming of Dilwale Dulhania Le Jayenge finished in August 1995.,True
192034,American Library Association is the smallest of its kind.,False
60008,'Artist of the Year' was a name given to Danny Brown by Metro Times.,True
126509,"Make It or Break It ended in May 14th, 2012.",True
51435,There was an attempt to change Cyprus.,True
66940,Harold Macmillan was involved with politics.,True
224133,Celebrity Rehab with Dr. Drew is set wholly on-location at the Playboy Mansion.,False
208414,Excuse My French is the debut album of an artist.,True
110647,Birmingham is a sports team.,False
179088,Cate Blanchett starred in the film The Good German.,True
209884,In a Lonely Place has a script based on a work from 1947.,True
42943,T2 Trainspotting is directed by a man from the capital city of Scotland.,False
155659,Yin and yang contain a section of the opposite element in each portion.,True
87072,Anne Boleyn returned to England.,True
66918,Johnny Galecki's character in The Big Bang Theory had a doctoral degree.,True
111176,Part of Dilwale Dulhania Le Jayenge was filmed in Super 8.,False
152955,I Want to Know What Love Is is a single.,True
46464,Carlos Santana is a US president.,False
124669,Paramore is retired.,False
203373,Goosebumps (film) is based on a story by Scott Alexander and Larry Karaszewski.,True
171638,Dave Gibbons is a writer.,True
69652,Maggie Q starred in a TV series.,True
145624,Gin does not derive its main flavour from juniper berries.,False
184099,Ernest Medina played a role in a Vietnam War mass murder.,True
13155,James Earl Jones was not the voice of Darth Vader.,False
36775,The Times was founded in 1980.,False
32255,Dilwale Dulhania Le Jayenge was shot in different locations.,True
97576,Yin and yang is a Taoist moral concept.,False
21644,Jason Bourne has Julia Stiles as part of the cast.,True
18065,Colombiana was produced by Olivier Megaton.,False
122477,The Gettysburg Address was delivered exclusively by King George III.,False
27187,T2 Trainspotting is a British film.,True
75393,"Pierce County, Washington is the location of the shortest mountain of the Cascade Range of the Pacific Northwest.",False
218471,The Hanford Site contributes to the LIGO Hanford Observatory.,True
47630,'I Feel for You' by Chaka Khan was released five years after 1984.,False
192714,CBS is the network that aired The Millers.,True
137038,Emily is the name of the mother of Lorelai Gilmore.,True
164894,Hezbollah received a type of training from Iran.,True
194260,Coins of the Swiss franc are used only outside of Liechtenstein.,False
117967,Tenacious D started in the 1990's.,True
112701,Younger ended in 2015.,False
215215,Dreamer (2005 film) is an American sports television show.,False
72358,Ripon College is in hell.,False
12683,The CONCACAF Champions League is organized by CONCACAF.,True
205656,St. Anger is only a single.,False
137678,"Food Network is available to approximately 96,931,000 pay television citizens.",False
40396,L.A. Reid has served as the CEO of an American record label owned by Sony Music Entertainment.,True
172312,Scream 2 was directed exclusively by Barack Obama.,False
189773,Matthias Corvinus had a library.,True
117114,"Camden, New Jersey has no universities.",False
128454,Awkward Black Girl is a web forum.,False
126926,Hinduism contains a philosophical range.,True
138159,Gray Matters only stars Jack Black.,False
70020,Angela Bassett started her film career in the mid-1980s.,True
19663,Guillermo del Toro was born in 1700.,False
174585,Artpop debuted at number one on the United States Billboard 200.,True
13872,Tool has produced albums.,True
71687,David Packouz was born in 1989.,False
80148,Castlevania came out in Japan in 1990.,False
164420,Carey Hayes is illiterate.,False
75871,Luis Fonsi is Puerto Rican.,True
7546,Brown University's main campus is located in the most populous city in Rhode Island.,True
227775,"Lyon's population has never increased above 500,000.",False
194904,Stripes had Conrad Dunn featured in it.,True
102751,Neil Diamond is not a songwriter.,False
84272,Mud has a Canadian in its cast.,False
7436,"Simon Pegg was born on February 14th, 1860.",False
87161,Andrew Moray led an uprising against occupation in 1397.,False
180722,Victoria (Dance Exponents song) peaked at number 10 on the New Zealand Singles chart.,False
327,Donald Duck typically wears a cap.,True
187323,"Diana, Princess of Wales divorced.",True
74163,"George III of the United Kingdom experienced Great Britain as a dominant European power, including over the territories it controlled in America and India.",True
79688,Men in Black II is a 2007 film.,False
18794,"On October 11, 1977, Matt Bomer was born.",True
94760,P.S I Love You (film) was reviewed by Richard LaGravenese.,False
69655,Johann Wolfgang von Goethe became managing director of the theater at Weimar in 1751.,False
7105,Zac Efron is Somali.,False
64067,Sausage Party was only directed by Donald Trump.,False
188581,Pitch Perfect 2 is a bill.,False
21405,Brie Larson is an anarchist.,False
41571,"In Stanley Park, lots of trees have been replanted.",True
39605,Neil Diamond is a musician.,True
91139,Salt River Valley is on the Utah-Arizona border.,False
8504,Jenna Jameson has been photographed.,True
1666,Ed Wood is about the eponymous filmmaker.,True
106308,Pink is a Dutch singer.,False
97458,The final season of Lost was watched by by an average of 9.6 million viewers per episode.,False
37067,Lee Daniels directed a film based on the novel 'Push.',True
192751,The Colbert Report was broadcast Monday.,True
128141,The Gettysburg Address was delivered by a Secretary of the United States.,False
134097,Lockhead Martin F-35 Lightning II first flew in 2008.,False
67582,No Country for Old Men is critically acclaimed.,True
25289,The Love Club EP is the debut extended play by Lorde.,True
16581,Hindu Kush's highest point is the peak called Hindu Kush.,False
172750,The Beach is a film with multiple genres.,True
111206,Fidel Castro transferred his responsibilities.,True
87903,Mission Impossible 3 stars Maggie Q.,True
164101,Annie is a movie.,True
226114,Bongwater was based on a book.,True
168612,The Thin Red Line (1998 film) features a performance by Sean Penn.,True
153437,Menace II Society is a motion picture.,True
32927,John Krasinski is an actor on The Office.,True
160927,Juventus F.C. competes in the Coliseum.,False
47525,King Edward the First's occupation of north Scotland was opposed by Andrew Moray.,True
103398,The Danish language is spoken only outside of Norway.,False
200290,Natural Born Killers was based upon Tarantino's original screenplay without revision.,False
152461,Eddie Guerrero had problems with substance abuse.,True
114469,Simon Cowell has donated zero dollars to anything ever.,False
201576,A thunderstorm requires the presence of lightning.,True
175725,The Cry of the Owl is a thriller film.,True
150765,Penélope Cruz refused to model for Mango.,False
41923,Dilwale Dulhania Le Jayenge was all filmed in China.,False
69139,Ice-T signed to Sire Records in 1987 when he was 18 years old.,False
93610,Britt Robertson is an entertainer.,True
187564,Dan Brown wrote a 2003 bestselling novel.,True
142717,A person who was born in August discovered Uranium-235.,True
103063,Hermit crabs are animals.,True
122572,Acting is John Krasinski's career.,True
143046,Henry Cavill played Superman.,True
47357,Margaret Thatcher implemented policies.,True
224968,Kentucky is known for bluegrass music.,True
134442,A parent of Jed Whedon was a screenwriter.,True
72585,Scream became notable.,True
155173,Zac Efron's middle names are Emma and Suzanne.,False
25739,Jamie Lee Curtis' father is Tony Curtis.,True
135180,Yin and yang do not show a balance between opposites.,False
137385,Aaron Burr is the current vice president.,False
112277,"Stanley Williams was executed in March 5th, 2005.",False
60350,Shinji Mikami is a director.,True
123925,Wales was always an industrial nation.,False
91868,Azithromycin is prescribed under different trade names.,True
111325,Winter's Tale is only a movie.,False
96943,Hot Right Now is off of DJ Fresh's fourth album.,False
105928,Bob Ross created a painting show.,True
171498,Jiang Wen was born on January 6.,False
164060,The Saturn Award for Best Fantasy Film is presented by the Academy of Motion Picture Arts and Sciences.,False
79575,Sausage Party is a comedy.,True
65306,Younger is a series.,True
11940,Edward Cullen was created outside of Stephenie Meyer's work.,False
28406,Eva Green did not have a career in theatre.,False
109831,Wolfgang Amadeus Mozart had at least two sons.,True
186592,Asylum Records was first founded in 1787.,False
89450,Yugoslavia was a city.,False
1139,"Catherine Keener appeared in Synecdoche, New York.",True
92988,See You on the Other Side is a boat.,False
56038,James Spader refused to star in any controversial psychological thrillers.,False
108880,"Harold Macmillan was born on Monday February 10, 1894.",False
56735,The Blue Dog Coalition was formed.,True
93416,Aubrey Anderson-Emmons did not star on Modern Family.,False
183447,Henry III of France was murdered.,True
171624,Dave Gibbons's middle name is Jason.,False
175485,Christian Gottlob Neefe was only an opera singer.,False
16376,Maximum Overdrive is a 1986 science fiction action horror comedy film.,True
161195,"Jarhead, a 2005 American biographical war drama, was directed by Jim Jarmusch.",False
131495,Kuching is in the state of Johor.,False
188148,Stephen Moyer refused to ever act in anything.,False
195370,Graffiti was released in 2005.,False
83530,The House of the Spirits won German Film Awards in 1988.,False
10118,Barbarella is a film from 1968.,True
119066,Chris Kyle was a United States Navy SEAL veteran and sniper.,True
5666,One Flew Over the Cuckoo's Nest won an Academy Award.,True
173030,Barcelona is the capitol city of Catalonia.,True
45018,Chris Paul is a point guard for the Lakers.,False
110221,Knowledge and research in multiple fields is incorporated with Speech recognition.,True
7257,Hermit crabs are crustaceans in the superfamily Paguroidea.,True
4251,Solanum contains the leopards.,False
101583,Guillermo del Toro does not work in the film industry.,False
23137,Therasia is a peninsula.,False
80676,Watchmen is a dark satirical and dystopian take on the superhero genre and it lasts for six hours and forty-five minutes.,False
37881,Tenacious D began in California.,True
64660,Charles de Gaulle was used as the basis of a French political stance.,True
129088,Matthew Gray Gubler was born in 1984.,False
186979,Bermuda Triangle is also referred to as the Devil's Triangle.,True
166634,Anne Rice was born in Japan.,False
170420,Michael Vick is a former football quarterback in the NFL.,True
89633,Romani people has a population of 5387 in the Republic of Macedonia.,False
107543,The Africa Cup of Nations is a football tournament.,True
55065,Ripon College has existed.,True
71639,Amy Winehouse died of alcohol poisoning at age 27.,True
97554,Sabbir Khan directed zero films.,False
131309,Henry Cavill is a famous director.,False
107307,"On April 8, 1974, Chris Kyle was born.",True
125513,The dress did not inspire hashtags.,False
216395,Homer Hickman's memoirs sold terribly.,False
179035,Congressional Space Medal of Honor is awarded based on recommendations from the Administrator of Office Depot.,False
144769,Fantastic Four (2005 film) was released only in Australia.,False
9833,The State of Palestine claims East Lebanon.,False
145533,Estonia is a place.,True
66842,James Jones missed the playoffs once in 2007-2008.,True
130007,Internet access requires the use of computers.,False
23475,Highway to Heaven is a drama series.,True
101821,Daenerys Targaryen was introduced in A Feast for Crows.,False
162216,Ding Yanyuhang is an American professional basketball player.,False
61807,"In The 100, adults are the first to return to Earth after a devastating nuclear apocalypse.",False
145707,The great white shark does not prefer to prey on humans because it's a herbivore.,False
113912,"James, Viscount Severn was born in the 1990s.",False
187379,Rob McElhenney is on an FX/FXX comedy series playing a character.,True
132762,Seohyun is only a director.,False
14790,"On September 6th, 1997, Diana, Princess of Wales's funeral took place.",True
44566,Mary of Teck was queen-consort.,True
141159,Soyuz is a series of movies.,False
130332,Exercise raises resting heart rate in the long term.,False
36141,Lucy Hale is an actress and singer.,True
158208,Stephen Colbert is a talk show host currently hosting The Late Show.,True
52559,The genre of Colombiana is action.,True
13758,Murda Beatz is a record producer.,True
53025,Monetary gain can be a purpose of fraud.,True
205106,Gaius Julius Caesar was Roman.,True
61641,Francis I of France had the popular nickname Francis of the Large Nose.,True
201793,Live Through This is an album.,True
4350,Kendall Jenner is a model.,True
208427,Excuse My French is an album by an German rapper.,False
66524,Honeymoon is Lana Del Rey's fourth single.,False
40622,"Neil Diamond finished college on January 24th, 1941.",False
76117,I Want to Know What Love Is is a song.,True
156102,"Keith Stanfield was born on March 12, 1991.",False
112986,Angelsberg is a city.,False
27980,Kenny Chesney's full name is Kenneth Arnold Chesney.,True
103167,The Love Club EP is the debut extended play by Banks.,False
199735,Tijuana is the center of the Tijuana metropolitan area.,True
220205,Raabta (song) is a romantic Hindi song from a movie.,True
99635,Mad Max: Fury Road was released in 2017.,False
79146,The Danish language is spoken only outside of Canada.,False
2521,Akkineni Nageswara Rao plays in Daag.,False
38141,Rick Ross made more than eight studio albums.,True
6270,Angela Bassett received a bachelor of arts degree from Yale University.,True
75309,The Bassoon King is a book.,True
168637,The Thin Red Line (1998 film) portrays only frogs.,False
70159,One Dance reached number one in the Netherlands in 2010.,False
195129,Backing vocalists provide instrumental harmony.,False
224557,"Vampire Academy, worldwide, grossed $15.4 million.",True
4091,Zac Efron's full name is Zac David Alexander Efron.,False
171890,"To test the validity of experiments, research is used.",False
198896,Lois Lane's name was taken from an actress.,True
211872,See.SZA.Run is an unrecorded live performance.,False
111685,Trouble with the Curve was only released in 2013.,False
88872,Jim Broadbent is involved with Game of Thrones (season 7).,True
96765,Nymphomaniac (film) is not part of a trilogy.,False
354,LinkedIn is available in zero languages as of 2013.,False
104847,The New York Knicks are one of the professional teams in the National Basketball Association's Eastern Conference.,True
58896,Omar Khadr was detained at Guantanamo Bay.,True
215140,Private Lives is only a horror movie made by a Bollywood director.,False
148776,The ability of organizations to connect to the internet is called Internet Access.,True
197376,Simón Bolívar's full name is Simón Bolívar.,False
16721,Goldie Hawn was a bankable star.,True
114523,Zac Efron was born in the 1980s.,True
198554,Catherine Hardwicke refused to ever work as a screenwriter.,False
133407,Michigan is a U.S. state and a leading destination for recreational boating.,True
131530,Halsey signed a recording contract in 2014.,True
21376,A Good Day to Die Hard was written by Skip Woods.,True
164092,Annie is a film.,True
142729,Arjit Singh is male.,True
203155,There are zero Polynesian languages.,False
28013,Noel Fisher acted in Shameless.,True
78174,Toy Story 2 was released in 2004.,False
214973,Sensitive Skin's first series aired in a country.,True
47241,Sleipnir has eight legs.,True
22441,Richard Kuklinski committed crimes.,True
89912,Lost was not on ABC.,False
108814,Issa Rae has developed her own platform.,True
142701,Qui-Gon Jinn is a writer in the Star Wars franchise.,False
53663,James Jones has not won the Three-Point Contest.,False
212237,Gory Guerrero's birth name is Gory Guerrero.,False
9860,Bob Ross created the Internet.,False
68132,Jens Stoltenberg served as Prime Minister.,True
178342,Al Jardine sang lead vocals on a song written by a songwriter.,True
177842,Milk is based on the life of Harvey Dent.,False
141547,Bhagat Singh died.,True
171904,"To test the validity of procedures, research is used.",True
93307,Food Network is offered in a federal democracy based on a constitution.,True
204985,Tyler Perry is incapable of songwriting.,False
202460,Tinker Tailor Soldier Spy is only a TV show.,False
68613,Damon Albarn's debut album was released in May of 2014.,False
29544,The Ellen Show only stars Ellen DeGeneres.,False
212329,Mary-Kate Olsen and Ashley Olsen are Germans.,False
131487,A monster is always beautiful.,False
187785,The Sterile Cuckoo was adapted from a commercial.,False
219125,"Valencia has about 800,000 inhabitants in the administrative centre.",True
23861,Minor League Baseball provides opportunities for river development.,False
24797,Vedam stars Indian film actors and actresses.,True
46059,An exampled of a folk hero was Bhagat Singh.,True
36448,"George III was succeeded by his son, George IV.",True
208413,Excuse My French is the debut album of a hip hop recording artist.,True
138301,Birthday Song (2 Chainz song) was produced by a producer.,True
152694,Ricardo Montalbán was a singer.,True
178900,Dawood Ibrahim is a separatist terrorist.,False
16070,Emma Watson is an Italian actress.,False
171523,Fringe only aired on the WB.,False
220238,Aristocracy is a term with Greek etymology.,True
158635,Bill Graham Civic Auditorium was built in 1915.,True
60044,"None of the actors in Men in Black II were born on September 15, 1968.",True
31905,"Lost lasted from September 22, 2004 to May 23, 2010.",True
122812,Bonaire was excluded from the Netherlands Antilles until the country's dissolution.,False
6833,Chris Benoit's middle name is Michael.,True
186996,Bermuda Triangle is also known by another name.,True
93600,A Good Day to Die Hard was directed by John Carpenter.,False
58823,Marvel vs. Capcom: Infinite retains the series' traditional character assists.,False
223771,Ralph Fults was born in 1993.,False
73329,Muscarinic acetylcholine receptors exist in the cell membranes of other cells.,True
63444,"Lost ran from September 22, 2004 to May 23, 2010.",True
184076,Kenneth Lonergan is a man.,True
145012,Coeliac disease may result in increased risk of cancer.,True
198082,Story of My Life was recorded by a band that consisted of only boys.,True
15425,Kendall Jenner is a person.,True
85350,"Andrew Kevin Walker was born on Monday August 14, 1964.",False
27503,Mud stars multiple American actors.,True
42187,The horse has grown in size as it evolved.,True
107654,Ned Stark is the dishonorable lord of Winterfell.,False
183134,Tata Motors is a constituent of the BSE SENSEX index.,True
160052,Levoamphetamine increases concentration.,True
170400,Michael Vick is a former football quarterback.,True
127777,Exotic Birds achieved mostly local failure.,False
187321,"Diana, Princess of Wales got married on August 28, 1996.",False
194252,Coins of the Swiss franc are officially used coins.,True
114659,Jack Falahee has a middle name.,True
90981,Lucy Hale works in the entertainment industry.,True
96948,The Catcher in the Rye is a fictional literary work.,True
142161,Match Point explores exclusively the role of misfortune in life.,False
76196,"Camden, New Jersey is a country.",False
159936,Christa McAuliffe was a teacher at Concord High School.,True
48810,Clueless (film) was followed by a series of young adult organizations.,False
43168,Justine Bateman is not an American.,False
167447,Cadet Kelly was released in 2002.,True
43842,Heath Ledger only won awards while he was alive.,False
204449,"Tom Morello, Zack de la Rocha, and Brad Wilk co-founded Rage.",True
62457,Pulmonary embolism is indicated by slow breathing.,False
115028,English people are descended from no other peoples.,False
178908,Dawood Ibrahim isn't a terrorist.,False
98693,"Kesha was born on March 1st, 1987.",True
59678,Randy Savage is not a wrestler.,False
149392,Maximum Overdrive is a 1986 science fiction action horror comedy film written and directed by Stephen King.,True
211271,The Closer's seventh season began in July 2011.,True
59158,One True Thing is a comedy.,False
66406,SummerSlam is thrown by the NBA.,False
56959,Samsung entered the shipbuilding industries in the 1970's.,True
49192,The Armenian Genocide rarely was the extermination of Armenians who were mostly Ottoman citizens.,False
10688,Cleopatre premiered posthumously.,True
92586,Firefox is one of the most popular web browsers.,True
155125,Hebe's successor was Leto.,False
114778,Dan Trachtenberg has avoided filmmaking entirely.,False
10379,The horse was not called a Eohippus when it had multiple toes.,False
68043,Uranium-235 was discovered by a person who was born in August.,True
226153,Richard Dawkins has been awarded prestigious film awards.,False
32429,"Benjamin Franklin was born on April 17th, 1790.",False
139116,Internet access is the ability of organizations to disconnect the internet.,False
126773,Uranium-235 was discovered by a person who was born in July.,False
69883,Chris Benoit is from North America.,True
148057,The Nottingham Forest F.C. is barred from being a football club.,False
126678,The Colosseum is a wrestler from Italy.,False
166648,Anne Rice lived her entire life in Louisiana.,False
81613,Anxiety can lessen other mental health illnesses.,False
21986,"Sonny Bono was alive and well on January 6, 1998.",False
71700,"Menace II Society is set in South Central Los Angeles, California.",True
41764,Mad Max: Fury Road was released in the 21st century.,True
91498,Tiber Oil Field is a landlocked oil field.,False
131163,Cambridgeshire's county council is a council.,True
7138,The Tenth Doctor travels alone during the time period 2009-2010.,False
125315,"Phoenix, Arizona is the most populous city in Massachusetts.",False
93894,Johnny Van Zant released a solo album in 1992.,False
128793,The United States dollar is used.,True
103154,Sky UK is a company which serves the United Kingdom.,True
116148,Salman Rushdie was the writer of a novel published in 1981.,True
193444,Captain America's shield is used by the superhero name Captain America.,True
54151,Gray Matters is a TV show.,False
175486,Christian Gottlob Neefe was only a train conductor.,False
1494,Food Network is available in the United States.,True
151425,Hannah and Her Sisters is an American film.,True
94861,The Winds of Winter is the eighth book in a series.,False
138206,Brazzers is a pornographic production company based in Montreal.,True
166913,Johanna Braddy has no acting credits from 2015.,False
51260,Robinson Crusoe on Mars was a Greek tragedy.,False
146288,Ekta Kapoor directed Kumkum Bhagya.,False
129818,The Silver Surfer is a fictional super villain.,False
195071,Albert S. Ruddy is born on Mars.,False
174020,The Endless River is the fifteenth studio album of Pink Floyd.,True
192795,A staging area is only an unused piece of land.,False
55801,Homo sapiens are endangered.,False
130614,Ron Weasley is only part of the Game of Thrones series.,False
155046,Bruce Shand was unable to earn the Military Cross.,False
161572,Baz Luhrmann only has films from 2007.,False
162664,Norman Bates is a fictional character.,True
101553,Aldous Huxley published writings.,True
111976,Yvonne Strahovski worked on an ABC show.,True
130400,Theresa May was a councillor.,True
86635,Janelle Monáe is Canadian.,False
204008,Glee.com was launched in February of 2017 by Community Connect Inc..,False
109701,2016 Tour de France was won by a rider.,True
101224,The Maze Runner's budget was $34 million.,True
214789,The Tracey Fragments had its North American premiere somewhere other than at a film festival.,False
8290,Freddie Highmore has been nominated for the Critics' Choice Television Award.,True
138814,The highest point of the Hindu Kush is Tirich Mir in Khyber Pakhtunkhwa.,True
18030,Floyd Mayweather Jr. has made 30 career boxing knockouts in different special event professional boxing fights.,False
76615,South Island is divided from North Island by Cook Strait.,True
174624,The X-Files starred Harrison Ford.,False
63938,Queen (band) is a Canadian rock band.,False
204330,The Cretaceous is yet to end.,False
113098,"The Concert for Bangladesh raised close to $250,000 for Haiti relief.",False
211021,Resident Evil is the first installment in the Resident Evil video game series.,True
194580,There has been a person that has been nominated for two Emmy Awards name Kyle Maclachlan.,True
16437,Match Point was a film by Woody Allen.,True
118139,LinkedIn is based on Earth.,True
185188,You Only Live Twice was directed by a German man.,False
70490,Moscovium is atomic symbol Pb.,False
104650,Sleipnir is an animal.,True
138375,Mary of Teck's son married a Wallis Simpson.,True
182911,The cinematography of Far from the Madding Crowd was by an Spanish film director.,False
201796,Live Through This is only a short story.,False
203614,The 1976 thriller Duel was Steven Spielberg's directorial debut.,False
122252,The Mirny (sloop-of-war) was in expedition.,True
12610,Paul Nicholls did not play Joe Wicks.,False
97794,I Kissed a Girl was only recorded by an American bassist.,False
209122,Sennacherib's youngest son was Ismael.,False
162035,Benjamin Walker (actor) is a thespian.,True
27595,Emmanuel Macron worked as an investment banker.,True
19418,The Bengal tiger is a member of the largest cat species.,True
90911,Two and a Half Men is an British television sitcom.,False
114188,The Road to El Dorado only stars Ben Stiller.,False
29205,Aldous Huxley published film scripts.,True
131597,'Dog' is Duane Chapman's nickname.,True
168090,"Jean-Jacques Dessalines was born on October 2nd, 2017.",False
206021,There is a show called The Office (US).,True
218371,The French Resistance planned acts of sabotage on telecommunication networks.,True
199757,Tijuana is on an island.,False
4916,Paul Nicholls created Joe Wicks.,False
40666,The SpongeBob SquarePants Movie only stars Donald Trump.,False
177489,Pythagoras is unassociated with Pythagoras' ideas.,False
198544,Catherine Hardwicke has been unable to ever do any production design.,False
81361,Sherilyn Fenn directed Boxing Helena.,False
185408,CHiPs is an American action novel.,False
209346,Alexandria is the largest seaport in Egypt.,True
186325,The Hunchback of Notre Dame is notable only for its cast.,False
200300,David Veloz heavily revised the screenplay for Natural Born Killers.,True
216382,Homer Hickman is illiterate.,False
120630,The retreat of permafrost is an expected outcome of global warming.,True
158901,Unison (Celine Dion album) was originally released by Warner Music Group.,False
115211,"See You on the Other Side was certified platinum on March 8, 2006.",False
28324,Muscarinic acetylcholine receptors are actylcholine receptors.,True
17314,Telemundo is incapable of being owned by Comcast.,False
64628,There was a song performed on Glee called Rhythm Nation.,True
217201,A monk practices religious asceticism.,True
8208,Veeru Devgan choreographs stunts.,True
139961,Ludwig van Beethoven was part of the jam band era.,False
192193,"Sacre-Coeur, Paris is an embodiment of conservative ethical order.",True
163810,Ukrainian Soviet Socialist Republic was in an international organization.,True
16996,Solanum contains the horse nettles.,True
138708,Physics' main goal is to observe the behavior of the universe.,False
124203,Birthday Song (2 Chainz song) was banned by Mike Dean.,False
143872,The Greek language is spoken only outside of Cyprus.,False
102884,See You on the Other Side was certified gold in the US in January 2016.,False
152811,Stephen Hillenburg has always hated the ocean.,False
116686,George Harrison has been single his whole life.,False
37996,Victoria Palace Theatre is in a place named after Queen Elizabeth.,False
164997,Polar bears depend on sea ice.,True
34004,In the End has piano in it.,True
41091,"In the British Virgin Islands and Turks and Caicos Islands, the United States dollar is the sole currency.",True
13588,Shut Up is a song.,True
190168,Oscar de la Hoya was killed in 1990.,False
204421,Brad Wilk was a drummer for Greta.,True
109408,Doxycycline may cause increased risk of sunburn in children.,True
37100,Trouble with the Curve stars a cat.,False
140612,Zoe Saldana's birth year was 1978.,True
78816,The first inauguration of Bill Clinton was held on July 4th.,False
136848,Georges Gilles de la Tourette failed to describe symptoms of Tourette's syndrome.,False
124881,Elizabeth Olsen refuses to act.,False
164529,The Nobel Prize in Chemistry was awarded in every year but 1901.,False
14939,Knocked Up is a film.,True
17064,Henry III was the son of King Robert.,False
62149,Charles Howard Hinton wrote science fiction.,True
180730,In 1982 the single Victoria (Dance Exponents Song) was released.,True
143041,Augustus died in 140 AD.,False
108837,"Kesha was born on March 2nd, 1999.",False
6876,The Wallace  is historically inaccurate.,True
7041,Kareem Abdul-Jabbar is not ranked 3rd all-time in blocks.,False
121472,Golf is played in a place.,True
112371,The Challenge: Rivals III was on ABC.,False
86530,Michael B. Jordan was born.,True
220204,Raabta (song) is only from the musical The King and I.,False
209352,Alexandria is outside of Egypt.,False
135113,"The Raven (2012 film) was released in the United States on April 27, 2012.",True
119126,Babur was the last Mughal emperor.,False
24099,Pocahontas had a relationship with a Portuguese settlement.,False
189714,Action films are a subgenre of martial arts films.,False
123956,Homo sapiens live on a planet.,True
1916,Anna Nicole Smith had a modelling career.,True
86222,"James, Viscount Severn was born in the 2000s.",True
213927,"In 1994, Gray Matter Interactive Studios, Inc. was founded.",False
88046,Anne Boleyn is an influential person that was mentioned in many artistic and cultural work.,True
49458,B. R. Ambedkar was born in 1895.,False
151399,Reign Over Me was put out in 2007.,True
24595,One Dance reached number one in the Netherlands.,True
89229,Ashton Kutcher was not co-stars with Cameron Diaz.,False
212309,Mary-Kate Olsen and Ashley Olsen are also known as the Olsen twins.,True
41441,Yvonne Strahovski has worked on movies and TV shows.,True
12844,Penguin Books revolutionized publishing in the 1920s.,False
84647,Angelsberg is a country.,False
124993,Doxycycline may cause headaches.,True
87187,The Washington Monument is between 560 ft and 575 ft tall.,False
161222,Gal Gadot was ranked ahead of Shlomit Malka for Israel's highest earning actress/models.,True
63436,The Raven (2012 film) was released in the United States in May of 2012.,False
59689,Numb (Linkin Park song) was in the game Rock Band 2.,False
22002,Shooter is about an expert cowboy.,False
56200,Ashton Kutcher is a romantic comedy actor.,True
126423,Uganda was once under rule.,True
46792,Doxycycline may cause diarrhea.,True
76050,Hebe was unacquainted with any gods or goddesses.,False
48608,Pakistan's economy is 50th largest in nominal gross domestic product.,False
105540,Nymphomaniac (film) is not an installment in a trilogy.,False
51323,Thomas Jefferson did not found the University of Virginia.,False
168539,Rick Yune was on a Netflix show.,True
20121,Rob Sheridan was born in 1980.,False
93137,The Maltese language is a national language.,True
37112,TakePart is the digital division of Participant Media.,True
78683,Underdog was directed by Frederik Du Chau.,True
80693,Stan Beeman is the main character.,False
18079,"Scandinavia includes the three kingdoms of Denmark, Norway, and Sweden as of 1902.",True
187388,Rob McElhenney plays Mac on a TBS horror series.,False
149448,Kenny Chesney is Canadian.,False
139661,Colombiana was produced by Luc Besson in 2001.,False
88141,Wish Upon was not directed by John R. Leonetti.,False
85011,Mandy Moore had a career.,True
190090,Terrence Howard was in the film Iron Man.,True
103583,Woodrow Wilson lived.,True
38940,Google Search cannot find sports scores.,False
35174,"Bessie Smith was born on September 26, 1937.",False
44396,Murda Beatz is a gospel record producer.,False
32956,Colombiana was directed by Germans.,False
74140,Menace II Society is set in Paris.,False
103893,The first inauguration of Bill Clinton was on the West Front of the White House lawn.,False
199746,Tijuana is in Mexico.,True
68377,Ingushetia was established after Chechen-Ingush ASSR split into two.,True
122285,Bob Ross had no role in the creation of The Joy of Painting.,False
134349,Sam Claflin is a person.,True
12319,Adam Lambert's album premiered at number one on the U.S. Billboard 200.,True
75794,The Saw franchise is a collection of TV shows.,False
154393,Uranium has an atomic number of zero.,False
86387,Fuller House (TV series) is in a genre.,True
201389,Varsity Blues (film) is incapable of being a film.,False
126814,The Hundred Years' War includes a phase.,True
20782,John S. McCain Jr. graduated from the U.S. Naval Academy.,True
202297,The New Jersey Turnpike has shoulders.,True
60495,From 2005 to 2013 Jens Stoltenberg was Prime Minister of Norway.,True
115659,"In the 1970's, Samsung entered the construction industry.",True
202737,The Chaperone (film) is a American television show.,False
219693,Corsica is a mountain.,False
202776,Despicable Me 2 was directed by someone.,True
116870,A River Runs Through It has been nominated for an Oscar.,True
115294,Aristotle tutored Alexander the Great starting in 2009.,False
53998,The Visigoths converted from Arianism to Nicene Christianity in 589 under Reccared I.,True
50850,Emma Watson was born in 2001.,False
17376,Joseph Merrick's was the subject of a historical drama.,True
103003,Kate Walsh was on a television show.,True
172765,The Beach is based on a novel.,True
131625,Amancio Ortega owns a retail company.,True
118117,Color of Night won an award for an Olympic Event.,False
218239,Libya is in Africa.,True
58175,There is a mental disorder called Dissociative identity disorder.,True
221148,Ted Cruz was miscarried.,False
22724,The Hunger Games' second film is Mockingjay.,False
53662,James Jones won the Three-Point Contest.,True
128248,Tatum O'Neal was born in 1987.,False
152422,2016 Tour de France was not a 21-stage race.,False
115173,"Wildfang was established in Portland, Oregon.",True
109878,The Greek language is spoken only outside of Greece.,False
59907,Chris Kyle was not a United States Navy SEAL veteran.,False
120735,The Bahamas is a state that's recognized by other states that includes a series of islands that form an archipelago.,True
82196,Martin Van Buren was elected governor.,True
49839,Dakota Fanning is not American.,False
102583,The Africa Cup of Nations has only been held in even-numbered years.,False
198895,Nellie Bly influenced Lois Lane.,True
92090,Damon Albarn released a debut album.,True
197373,"Simón Bolívar was born on June 22nd, 1791.",False
71802,Wish Upon is a supernatural horror thriller film.,True
90085,Battle of the Bastards is a Game of Thrones episode.,True
204341,The Cretaceous is yet to start.,False
84506,"Yara Shahidi was born on February 10, 1900.",False
82396,Minor League Baseball is a professional baseball league hierarchy.,True
83454,Scandinavia does not contain Greenland.,True
183932,Gotham City Sirens contained no art.,False
177855,Milk is based on the life of a businessman.,False
107585,Two and a Half Men starred Charlie Sheen in 1998.,False
40443,Anneliese van der Pol is an actress.,True
129909,Kellogg's products are only manufactured in one country.,False
114739,Antigua and Barbuda was the birthplace of Christopher Columbus.,False
132716,TV Choice advertises TV broadcast programming listings.,True
221249,The Block (album) has an official single.,True
7639,A part of Saw (franchise) is Saw II.,True
179025,Jerry Robinson mentored Steve Ditko.,True
36350,Shape of You was only on the singles charts of Hungary and Poland.,False
156075,Aarhus is located on the west coast of the Jutland peninsula.,False
53567,A Milli is a song by someone born in 1982.,True
175739,The Cry of the Owl is based on a book.,True
168920,The Boeing 767 is an airliner.,True
85702,The Challenge XXX: Dirty 30 is a season of a show on Syfy.,False
62298,Recovery is an Eminem song.,False
218248,Libya is the smallest country in the world.,False
14069,Qui-Gon Jinn is a fictional Star Wars character.,True
65437,Philomena is American.,False
73281,Henry Cavill is an actor.,True
185167,You Only Live Twice was directed by Lewis Gilbert.,True
222035,Brubaker is a prison comedy.,False
159080,Guatemala's civil war had two sides.,True
97606,Faye Resnick works in interior design.,True
94522,Star Trek: Discovery is the first series since Star Trek: The Next Generation.,False
46964,Elizabeth of York married in 1811.,False
186598,Asylum Records is an American record label founded in 1979 by David Geffen and partner Elliot Roberts.,False
135008,Ekta Kapoor worked on an Indian soap opera.,True
16250,On Nickelodeon SpongeBob SquarePants is the highest rated series to ever air.,True
140869,Fuller House (TV series) is a television series' sequel.,True
59964,Civilization IV received high ratings.,True
89908,Doxycycline may induce diarrhea.,True
104930,"The Stanford prison experiment was funded by an organization that coordinates, executes, and promotes the science and technology programs of the U.S. Army and Marine Corps.",False
38654,Hannah and Her Sisters ends with a Christmas dinner.,False
163795,Ukrainian Soviet Socialist Republic was a founding member of the UN.,True
224139,Celebrity Rehab with Dr. Drew was a scripted TV drama.,False
201098,Marcus Bentley is an American broadcaster.,False
61977,Sarah Hyland started acting in 2001.,False
107320,"Super Bowl XLV was played before February 6, 2011.",False
67426,Henry II of France suffered an untimely death in 1567.,False
27869,Mount Rushmore was created by sculptor Tom Brady.,False
121454,"Bessie Smith lived out her days, from birth to death, on the fields of rural Germany.",False
38110,"The Adventures of Pluto Nash stars an actor that was born on February 5, 1961.",False
173137,Anne Sullivan is known for being Helen Keller's instructor.,True
25642,General Motors only sells automotive components,False
80075,The Columbia River undergoes drainage.,True
35720,Agent Raghav – Crime Branch was nominated for Best Weekend Show.,True
114495,Sean Penn was in Fast Times at Ridgemont High in 1982.,True
229304,A working animal can perform tasks after being trained.,True
157434,Miranda Otto is the aunt of actress Gracie Otto.,False
226878,Jenna Jameson started acting in erotic videos in 1990.,False
86474,Benzodiazepine is a medication.,True
