scifact_id,claim,classification
2,"1 in 5 million in UK have abnormal PrP positivity.",false
3,"1,000 genomes project enables mapping of genetic sequence variation consisting of rare variants with larger penetrance effects than common variants.",true
5,"1/2000 in UK have abnormal PrP positivity.",true
9,"32% of liver transplantation programs required patients to discontinue methadone treatment in 2001.",true
12,"40mg/day dosage of folic acid and 2mg/day dosage of vitamin B12 does not affect chronic kidney disease (CKD) progression.",true
22,"76-85% of people with severe mental disorder receive no treatment in low and middle income countries.",true
28,"A T helper 2 cell (Th2) environment impedes disease development in patients with systemic lupus erythematosus (SLE).",false
30,"A breast cancer patient's capacity to metabolize tamoxifen influences treatment outcome.",true
32,"A country's Vaccine Alliance (GAVI) eligibility is not indictivate of accelerated adoption of the Hub vaccine.",false
34,"A deficiency of folate increases blood levels of homocysteine.",true
39,"A diminished ovarian reserve does not solely indicate infertility in an a priori non-infertile population.",true
40,"A diminished ovarian reserve is a very strong indicator of infertility, even in an a priori non-infertile population.",false
41,"A high microerythrocyte count protects against severe anemia in homozygous alpha (+)- thalassemia trait subjects.",true
42,"A high microerythrocyte count raises vulnerability to severe anemia in homozygous alpha (+)- thalassemia trait subjects.",false
44,"A mutation in HNF4A leads to an increased risk of developing diabetes by the age of 14 years.",true
46,"A single nucleotide variant the gene DGKK is strongly associated with increased risk of hypospadias.",true
47,"A strong bias in the phage genome locations where the spacers were derived has been observed in many CRISPR subtypes that confer the immunity to phage.",true
48,"A total of 1,000 people in the UK are asymptomatic carriers of vCJD infection.",false
49,"ADAR1 binds to Dicer to cleave pre-miRNA.",true
50,"AIRE is expressed in some skin tumors.",true
51,"ALDH1 expression is associated with better breast cancer outcomes.",false
52,"ALDH1 expression is associated with poorer prognosis for breast cancer primary tumors.",true
53,"ALDH1 expression is associated with poorer prognosis in breast cancer.",true
54,"AMP-activated protein kinase (AMPK) activation increases inflammation-related fibrosis in the lungs.",false
55,"AMP-activated protein kinase (AMPK) activation reduces inflammation-related fibrosis in the lungs.",true
56,"APOE4 expression in iPSC-derived neurons increases AlphaBeta production and tau phosphorylation causing GABA neuron degeneration.",true
57,"APOE4 expression in iPSC-derived neurons increases AlphaBeta production and tau phosphorylation, delaying GABA neuron degeneration.",false
58,"APOE4 expression in iPSC-derived neurons results in decreased tau phosphorylation.",false
60,"ART has no effect on the infectiveness of HIV-positive people.",false
61,"ART substantially reduces infectiveness of HIV-positive people.",true
67,"Activated Cdk5 phosphorylates the ATM protein in response to DNA damage.",true
68,"Activated Cdk5 regulates DNA damage-induced neuronal death.",true
69,"Activation of PPM1D enhances p53 function.",false
70,"Activation of PPM1D suppresses p53 function.",true
71,"Activation of the Rac1 homolog CED-10 kills viable cells in SRGP-1 mutant Caenorhabditis elegans.",true
76,"Active Ly49Q induces neutrophil polarization.",true
77,"Active Ly49Q prevents neutrophil polarization.",false
78,"Active caspase-11 participate in regulating phagosome-lysosome fusion.",true
79,"Active caspase-11 protein promotes pyroptosis.",true
85,"Adult tissue-resident macrophages are seeded before birth.",true
86,"Adult tissue-resident macrophages are seeded before birth.",true
88,"Adult tissue-resident macrophages possess a self-renewing capacity.",true
93,"Aggravated inflammation is dependent on NLRP3 inflammasome activation.",true
98,"Alirocumab treatment reduces apo(a) fractional clearance rate.",false
100,"All hematopoietic stem cells segregate their chromosomes randomly.",true
104,"Allogeneic mechanical circulatory support is not as effective as autologous mechanical circulatory support for treating acute myocardial infarction.",false
105,"Alteration of origin firing causes changes in termination zones of Okazaki fragments.",false
106,"Ambulatory blood pressure monitoring is inaccurate at diagnosing hypertension.",false
108,"Amitriptyline is an effective treatment for chronic tension-type headaches.",true
109,"An M2-like phenotype in brown adipose tissue macrophages is quickly induced by cold exposure.",true
111,"Androgenetic haploid mouse embryonic stem cells (ESCs) can be derived and genetically manipulated in vitro.",true
112,"Angiotensin converting enzyme inhibitors are associated with decreased risk for functional renal insufficiency.",false
113,"Angiotensin converting enzyme inhibitors are associated with increased risk for functional renal insufficiency.",true
114,"Anthrax spores are very difficult to dispose once they are dispersed.",true
115,"Anthrax spores can be disposed of easily after they are dispersed.",false
116,"Anthrax spores remain deadly until affected areas are decontaminated.",true
118,"Antibiotic induced alterations in the gut microbiome reduce resistance against Clostridium difficile",true
119,"Antidepressants increase the severity of migraines.",false
120,"Antidepressants reduce the severity of migraines.",true
121,"Antimicrobial agents are less effective due to the pressure of antimicrobial usage.",true
122,"Antimicrobial agents are more effective due to the pressure of antimicrobial usage.",false
123,"Antiretroviral therapy increases rates of tuberculosis across a broad range of CD4 strata.",false
124,"Antiretroviral therapy reduces rates of tuberculosis across a broad range of CD4 strata.",true
129,"Articles published in open access format are less likely to be cited than traditional journals.",false
130,"Articles published in open access format are more likely to be cited than traditional journals.",true
133,"Assembly of invadopodia is triggered by focal generation of phosphatidylinositol-3,4-biphosphate and the activation of the nonreceptor tyrosine kinase Src.",true
137,"Asymptomatic visual impairment screening in elderly populations does not lead to improved vision.",true
138,"Asymptomatic visual impairment screening in elderly populations leads to improved vision.",false
141,"Auditory entrainment is strengthened when people see congruent visual and auditory information.",true
142,"Autologous transplantation of mesenchymal stem cells causes a higher rate of opportunistic infections than induction therapy with anti-interleukin-2 receptor antibodies.",false
143,"Autologous transplantation of mesenchymal stem cells causes fewer opportunistic infections than induction therapy with anti-interleukin-2 receptor antibodies.",true
144,"Autologous transplantation of mesenchymal stem cells has better graft function than induction therapy with anti-interleukin-2 receptor antibodies.",true
146,"Autologous transplantation of mesenchymal stem cells has lower rates of rejection than induction therapy with anti-interleukin-2 receptor antibodies.",true
148,"Autophagy declines in aged organisms.",true
149,"Autophagy deficiency in the liver increases vulnerability to insulin resistance.",false
152,"B cells go though plasmablast differentiation and antibody production by continuous expression of EBI2.",true
155,"BCL-2 activation antagonizes the apoptotic effects of c-Myc.",true
156,"BCL-2 promotes the apoptotic effects of c-Myc.",false
157,"BLM gene encodes RecQ-class DNA helicase.",true
159,"BRCA 1 mutation carriers' risk of breast and ovarian cancer depends on where the mutation is located.",true
160,"Bacterial meningitis can be diagnosed on the basis of positive cerebrospinal fluid (CSF) cultures.",true
163,"Bariatric surgery has a positive impact on mental health.",true
164,"Bariatric surgery increases rates of colorectal cancer.",true
165,"Bariatric surgery increases rates of postmenopausal breast cancer.",true
166,"Bariatric surgery leads to negative outcomes in mental health.",false
167,"Bariatric surgery leads to positive outcomes in mental health.",true
168,"Bariatric surgery reduces colorectal cancer.",false
169,"Bariatric surgery reduces postmenopausal breast cancer.",false
171,"Basophils counteract disease development in patients with systemic lupus erythematosus (SLE).",false
172,"Basophils promote disease development in patients with systemic lupus erythematosus (SLE).",true
177,"Binding of p53 to enhancer regions (p53BERs) regulates the activity of p53 transcription and cell cycle arrest through the production of p53-dependent eRNAs.",true
178,"Birth-weight is negatively associated with breast cancer.",false
179,"Birth-weight is positively associated with breast cancer.",true
180,"Blocking the interaction between TDP-43 and respiratory complex I proteins ND3 and ND6 leads to increased TDP-43-induced neuronal loss.",false
181,"Blocking the interaction between TDP-43 and respiratory complex I proteins ND3 and ND6 prevents TDP-43-induced neuronal loss.",true
183,"Bone marrow cells contribute to adult macrophage compartments.",false
184,"Bone marrow cells don't contribute to adult macrophage compartments.",true
185,"Breast cancer development is determined exclusively by genetic factors.",false
189,"Broadly HIV-1 Neutralizing Antibodies (bnAb) 10EB have no affinity for phospholipids.",true
196,"C2 works synergistically with A-769662 to activate dephosphorylated AMPK.",true
197,"CCL19 is a ligand for CCR7.",true
200,"CD28 initiates tonic signaling in conventional T cells, which causes an exhaustion phenotype and limited efficiency.",true
201,"CD28 signals regulate trafficking of murine auto-reactive T cells into target tissues.",true
203,"CD44v6 is not associated with constitutive and reprogrammed cancer stem cells driving cancer metastasis.",false
208,"CHEK2 is not associated with breast cancer.",true
210,"COPI coatmer is involved in lipid homeostasis.",true
212,"CR is associated with higher methylation age.",false
216,"CX3CR1 on the Th2 cells impairs T cell survival",false
217,"CX3CR1 on the Th2 cells promotes T cell survival",true
218,"CX3CR1 on the Th2 cells promotes airway inflammation.",true
219,"CX3CR1 on the Th2 cells suppresses airway inflammation.",false
220,"Ca2+ cycling controls whole-body energy homeostasis in beige fat.",true
221,"Ca2+ cycling is a UCP1-dependent thermogenic mechanism.",false
222,"Ca2+ cycling is a UCP1-independent thermogenic mechanism.",true
223,"Cancer cells can stimulate the accumulation of intra-tumoural myeloid-derived suppressor cells by promoting granulocyte colony stimulating factor production.",true
227,"Cancers that initially benefit from epidermal growth factor receptor targeted therapies later become refractory through several mechanisms.",true
228,"Cardiac tissue-resident macrophages directly contribute to electrical activity.",true
230,"Carriers of the alcohol aldehyde dehydrogenase deficiency mutation drink less that non-carries.",true
233,"Cell autonomous sex determination in somatic cells does not occur in Galliformes.",false
235,"Cell autonomous sex determination in somatic cells occurs in Galliformes.",true
236,"Cell autonomous sex determination in somatic cells occurs in Passeriformes.",true
239,"Cellular aging closely links to an older appearance.",true
241,"Cellular clocks are associated with mitosis timing in NIH 3T3 cells.",true
242,"Cellular clocks are not predictive of mitosis timing in NIH 3T3 cells.",false
243,"Cellular differentiation of embryonic stem cells is accompanied by changes in replication timing, transcription and nuclear localization.",true
245,"Charcoal is an effective treatment for acute paraquat poisoning.",false
246,"Charcoal shows no benefit for acute paraquat poisoning.",true
248,"Chenodeosycholic acid treatment increases whole-body energy expenditure.",true
249,"Chenodeosycholic acid treatment reduces whole-body energy expenditure.",false
250,"Chenodeoxycholic acid treatment decreases brown adipose tissue activity.",false
251,"Chenodeoxycholic acid treatment increases brown adipose tissue activity.",true
256,"Chlamydia trachomatis is most prevalent in the UK among sexually-experienced individuals aged 16 to 24.",true
258,"Cholesterol loading induces KLF4 expression in VSMCs, resulting in the expression of pro-inflammatory cytokines.",true
261,"Chronic aerobic exercise alters endothelial function, improving vasodilating mechanisms mediated by NO.",true
263,"Citrullinated proteins externalized in neutrophil extracellular traps act indirectly to disrupt the inflammatory cycle.",false
264,"Citrullinated proteins externalized in neutrophil extracellular traps act indirectly to perpetuate the inflammatory cycle via induction of autoantibodies.",true
265,"Clathrin stabilizes the spindle fiber apparatus during mitosis.",true
266,"Cnn1 recruitment varies with cell cycle timing.",true
267,"Cognitive behavioral therapy is an ineffective treatment for insomnia",false
272,"Combination nicotine replacement therapies with varenicline or bupropion are more effective after 12 weeks of reatment compared to varenicline monotherapy.",true
274,"Combination nicotine replacement therapies with varenicline or bupropion lead to significantly higher long-term abstinence rates at 52 weeks than varenicline monotherapy.",false
275,"Combining phosphatidylinositide 3-kinase and MEK 1/2 inhibitors is effective at treating KRAS mutant tumors.",true
277,"Commelina yellow mottle virus (ComYMV) has three typical badnavirus ORFs, capable of encoding proteins 23, 15, and 216 kD.",true
278,"Commelina yellow mottle virus' (ComYMV) genome consists of 2140 baise pairs.",false
279,"Commelina yellow mottle virus' (ComYMV) genome consists of 7489 baise pairs.",true
280,"Comparative transcriptome analysis identified new platelet proteins with structural features suggesting a role in platelet function.",true
283,"Consumption of whole fruits increases the risk of type 2 diabetes.",false
286,"Converting apoE4 to apoE3 by gene editing prevents the pathology associated with apoE4 in human iPSCderived neurons.",true
287,"Converting apoE4 to apoE3 by gene editing worsens the pathology associated with apoE4 in human iPSCderived neurons.",false
290,"Cost effectiveness evaluations based on cRCT data accurately reflect prices for patients in actual clinical practice.",false
292,"Cost effectiveness evaluations based on cRCT data lack external validity.",true
295,"Crosstalk between dendritic cells (DCs) and innate lymphoid cells (ILCs) is important in the regulation of intestinal homeostasis.",true
296,"Cyclin A2 destruction is necessary to switch from unstable to stable kt-mt attachments in mitosis.",true
298,"Cytochrome c is released from the mitochondrial intermembrane space to cytosol during apoptosis.",true
299,"Cytochrome c is transferred from cytosol to the mitochondrial intermembrane space during apoptosis.",false
305,"DRD1 proteins enable Pol V transcription in vivo.",true
306,"DUSP4 decreases apoptosis.",false
308,"DUSP4 downregulation deactivates the Ras-ERK pathway",false
309,"DUSP4 increases apoptosis.",true
314,"Deamination of cytidine to uridine on the minus strand of viral DNA results in catastrophic G-to-A mutations in the viral genome.",true
317,"Decreased diastolic blood pressure (DBP) is associated with abdominal aortic aneurysm.",false
327,"Deletion of αvβ8 does not result in a spontaneous inflammatory phenotype.",true
330,"Deltex has no known interactions with eIF3f.",false
331,"Deltex interacts with eIF3. There is no known interaction between Deltex and elF3",false
332,"Depletion of T-helper 17 (Th17) cells during simian immunodeficiency virus (SIV) infection decreases dissemination of Salmonella Typhimurium from the gut.",false
333,"Depletion of T-helper 17 (Th17) cells during simian immunodeficiency virus (SIV) infection increases dissemination of Salmonella Typhimurium from the gut.",true
334,"Depletion of nitric oxide is responsible for vasospasm.",true
335,"Deregulation of HAND2 is a crucial step in endometrial carcinogenesis in mice.",true
338,"Dexamethasone decreases risk of postoperative bleeding.",false
339,"Dexamethasone increases risk of postoperative bleeding.",true
340,"Diabetes remission occurs less in people treated with conventional therapy than in people treated with laparoscopic adjustable gastric banding surgery.",true
341,"Diabetes remission occurs more in people treated with conventional therapy than in people treated with laparoscopic adjustable gastric banding surgery.",false
342,"Diabetic patients with acute coronary syndrome experience decreased short-term and long-term risk for bleeding events.",false
343,"Diabetic patients with acute coronary syndrome experience increased short-term and long-term risk for bleeding events.",true
346,"Differentiation of progenitor cells to myeloid cells is skewed upon activation of insulin signaling.",false
347,"Differentiation of progenitor cells to myeloid cells is skewed when insulin signaling is suppressed.",true
349,"Diminished ovarian reserve is a reliable indicator of infertility in a non-infertile population.",false
355,"Drosophila supracellular actomyosin structures are found at boundaries in wing imaginal discs.",true
356,"Dscam1 acts as a hypervariable pattern-recognition receptor for the immune system.",true
366,"ERAP1 SNPs are epistatic to HLA alleles for ankylosing spondylitis.",true
367,"Early patent ductus ateriosus (PDA) screening decreases in-hospital mortality.",true
368,"Early patent ductus ateriosus (PDA) screening increases in-hospital mortality.",false
369,"Ectopic expression of Sall4, Nanog, Esrrb, and Lin28 generates induced pluripotent stem cells from mouse embryonic fibroblasts more efficiently than other factor combinations.",true
370,"Egr2 regulates the homeostasis of B and T cells.",true
371,"Egr3 regulates the homeostasis of B and T cells.",true
372,"Eilat virus (EILV) produced in mosquitos elicits rapid and long-lasting neutralizing antibodies in nonhuman primates.",true
375,"Elevated cell-free mitochondrial DNA levels are associated with mortality.",true
378,"Energy balance requires hypothalamic glutamate neurotransmission.",true
379,"Enhanced early production of inflammatory chemokines damages viral control in the lung.",false
380,"Enhanced early production of inflammatory chemokines improves viral control in the lung.",true
381,"Environmental factors can influence the development of breast cancer.",true
382,"Environmentally-induced senescence is mimicked in disease modeling by adding specific molecules to the culture system.",true
385,"Epigenetic modulating agents (EMAs) modulate antitumor immune response in a cancer model system.",true
386,"Errors in peripheral IV drug administration are most common during bolus administration and multiple-step medicine preparations.",true
394,"Excess gestational weight gain is associated with obesity-related pregnancy outcomes.",true
396,"Exercise increases cancer mortality rates among Chinese citizens.",false
397,"Exercise reduces cancer mortality rates among Chinese citizens.",true
399,"Exposure to fine particulate air pollution is relate to anxiety prevalence.",true
400,"Exposure to fine particulate air pollution is unrelated to anxiety prevalence.",false
413,"Female carriers of the Apolipoprotein E4 (APOE4) allele have decreased risk for dementia.",false
414,"Female carriers of the Apolipoprotein E4 (APOE4) allele have increased risk for Alzheimer's disease.",true
415,"Female carriers of the Apolipoprotein E4 (APOE4) allele have increased risk for dementia.",true
416,"Female carriers of the Apolipoprotein E4 (APOE4) allele have longer lifetime exposure to estrogen due to an increased reproductive period.",true
417,"Female carriers of the Apolipoprotein E4 (APOE4) allele have shorter lifetime exposure to estrogen due to a decreased reproductive period.",false
420,"Fibroblast growth factor 21 protects against atherosclerosis by modulating adiponectin and SREBP2 levels.",true
426,"Forkhead 0 (fox0) transcription factors are involved in apoptosis.",true
428,"Forkhead 0 (fox0) transcription factors are involved in cellular differentiation.",true
430,"FoxO3a activation in neuronal death is inhibited by reactive oxygen species (ROS).",false
431,"FoxO3a activation in neuronal death is mediated by reactive oxygen species (ROS).",true
432,"Foxk2 regulates autophagy genes in muscle cells and fibroblast cells.",true
436,"Free histones are degraded by a Rad53-dependent mechanism once DNA has been replicated.",true
441,"G-CSF increases the expansion and infiltration of MDSCs into tumors.",true
443,"GATA-3 is important for hematopoietic stem cell (HSC) function.",true
444,"GATA3 regulates cell cycle progression in bone marrow hematopoietic stem cells.",true
445,"GATA3 regulates self-renewal capacity in bone marrow hematopoietic stem cells.",true
447,"Gastric infection with Helicobacter pylori decreases risk of gastric cancer in humans.",false
448,"Gastric infection with Helicobacter pylori increases risk of gastric cancer in humans.",true
452,"Gene expression does not vary appreciably across genetically identical cells.",false
453,"General exercise therapy is more effective than rotator cuff exercises in reducing pain and improving function of the shoulder.",false
454,"General exercise therapy is more effective than scapular stabilizer exercises in reducing pain and improving function of the shoulder.",false
455,"Genes involved in pre-mRNA splicing have a significant impact on genome stability.",true
458,"Genetic deficiency of mast cells leads to decreased weight gain in a mouse model of diet-induced obesity.",true
461,"Genetic deletion of JAM-A increases gut permeability.",true
463,"Genomic aberrations of metastases provide information for targeted therapy.",true
466,"Genomic sequences involved in alternative splicing responsible for Hutchinson-Gilford progeria syndrome (HGPS) are abundant in the ''progerinonly'' allele of Lmna knock-in models.",false
469,"Glial calcium waves influence seizures.",true
470,"Glioblastoma multiforme (GBM) is characterized by extensive invasion, rapid growth, necrosis, and angiogenesis.",true
475,"Glycolysis is one of the primary glycometabolic pathways in cells.",true
479,"Gpr124 increases BBB breakdown in mouse models of ischemic stroke.",false
480,"Gpr124 suppresses BBB breakdown in mouse models of ischemic stroke.",true
482,"Guanine nucleotide exchange factors (GEFs) mediate RhoA activation in response to tensional forces on fibronectin-binding integrins.",true
483,"H.pylori-mediated gastric cancer occurs due to the accumulation of mutations in host epithelial cells.",true
488,"HAND2 methylation is a key step in early endometrial carcinogenesis.",true
495,"Having a main partner improves HIV outcomes.",true
498,"Having a main partner worsens HIV outcomes.",false
499,"HbA1c consistently overestimates glycemic control in black individuals with Sickle cell trait (SCT).",false
500,"Headaches are correlated with cognitive impairment.",false
501,"Headaches are not correlated with cognitive impairment.",true
504,"Healthy volunteers exhibit rapid and transient increase of cellular ATP after being bolus-injected with fructose.",false
505,"Helicobacter pylori-induced aberrant NF-kB-dependent expression of activation-induced cytidine deaminase contributes to the mutagenesis of host DNA.",true
506,"Helminths interfere with immune system control of coinfections by microbial pathogens 16.",true
513,"High cardiopulmonary fitness causes increased mortality rate.",false
515,"High levels of CRP lead to a higher risk of exacerbations in chronic obstructive pulmonary disease (COPD).",true
516,"High levels of CRP reduces the risk of exacerbations in chronic obstructive pulmonary disease (COPD).",false
521,"High-sensitivity cardiac troponin T (HSCT-T) dosage may not be diagnostic if the onset of symptoms occurs less than 3 hours before acute myocardial injury (AMI).",true
523,"Higher plasma levels of I-carnitine, when associated with trimethylamine N-oxide, are negatively correlated with cardiovascular events in humans.",false
524,"Higher plasma levels of I-carnitine, when associated with trimethylamine N-oxide, are positively correlated with cardiovascular events in humans.",true
525,"Histone demethylase recruitment and a transient decrease in histone methylation is necessary for ligand-dependent induction of transcription by nuclear receptors.",true
528,"Human T-lymphotropic virus type-I-associated myelopathy / tropical spastic paraparesis (HAM/TSP) patients produce Immunoglobulin G (IgG) antibodies which cross-react with an immunodominant epitope in Tax.",true
529,"Human embryonic stem cells give rise to cell types from all three embryonic germ layers.",true
530,"Human embryonic stem cells give rise to cell types from the outer embryonic germ layer, but not the other two layers.",false
531,"Human embryonic stem cells have the capacity to give rise to differentiated progeny representative of all three embryonic germ layers.",true
532,"Hyperfibrinogenemia decreases rates of femoropopliteal bypass thrombosis.",false
533,"Hyperfibrinogenemia increases rates of femoropopliteal bypass thrombosis.",true
536,"Hypocretin neurones induce panicprone state in rats.",true
537,"Hypocretin neurones suppress panicprone state in rats.",false
539,"Hypoglycemia increases the risk of dementia.",true
540,"Hypothalamic glutamate neurotransmission is crucial to energy balance.",true
541,"Hypothalamic glutamate neurotransmission is unrelated to energy balance.",false
542,"IFI16 impedes STING phosphorylation and translocation, resulting in reduced activation of STING.",false
547,"IL-10 production by monocytes inhibits CD4 + T cell response.",true
548,"IL-6 signaling plays a major role in atherosclerotic cardiovascular disease.",true
549,"IRG1 has antiviral effects against neurotropic viruses.",true
553,"IgA plasma cells that are specific for transglutaminase 2 are scarce in the duodenal mucosa of celiac disease patients when the disease is active.",false
559,"Immune responses in immune cells are geographically segregated.",true
562,"Improvements in OER catalysts show stable activity over several hundred hours.",true
563,"In British Men, haplogroup I decreases risk of cardiovascular disease.",false
564,"In British Men, haplogroup I increases risk of cardiovascular disease by 50%.",true
565,"In S. cerevisiae, the absence of RNA surveillance pathways causes sensitivity to high iron conditions.",true
566,"In S. cerevisiae, the absence of RNA surveillance pathways reduces sensitivity to high iron conditions.",false
568,"In a naive state, blocking Wingless-Int-1 secretion from mouse embryonic stem cells inhibits self-renewal of the mouse embryonic stem cells.",true
569,"In adult tissue, most T cells are memory T cells.",true
570,"In breast cancer, the loss of myoepithelial cells promotes the transition of ductal carcinoma in situ to invasive carcinoma.",true
571,"In breast cancer, the loss of myoepithelial cells slows the transition of ductal carcinoma in situ to invasive carcinoma.",false
576,"In melanoma, anti-CTLA-4 treatment reinvigorates exhausted PD-1+Eomes+CD8 T cells.",true
578,"In mouse models, the loss of CSF1R facilitates MOZ-TIF2-induced leuekmogenesis.",false
579,"In patients with congenital heart defects, β-blockers significantly improve clinical heart failure outcomes.",false
580,"In pediatric tissue, most T cells are naive T cell emigrants from the thymus.",true
584,"In rhesus macaques, daily subcutaneous injections of tenofovir protects against rectally transmitted simian-human immunodeficiency virus.",true
589,"In young and middle-aged adults, current or remote uses of ADHD medications do not increase the risk of serious cardiovascular events.",true
590,"In young and middle-aged adults, current or remote uses of ADHD medications increase the risk of serious cardiovascular events.",false
591,"Incidence of 10/66 dementia is higher than the incidence of DSM-IV dementia.",true
592,"Incidence of 10/66 dementia is lower than the incidence of DSM-IV dementia.",false
593,"Incidence of heart failure decreased by 10% in women since 1979.",true
594,"Incidence of heart failure increased by 10% in women since 1979.",false
595,"Incidence of sepsis has fallen substantially from 2009 to 2014.",false
597,"Incidence rates of cervical cancer have decreased.",true
598,"Incidence rates of cervical cancer have increased due to nationwide screening programs based primarily on cytology to detect uterine cervical cancer.",false
600,"Including pharmacists in rounding teams does not alter the incidence of adverse drug events (ADEs).",false
601,"Including pharmacists in rounding teams reduces the incidence of adverse drug events (ADEs).",true
603,"Increased LDL receptors plays a role in the reduction of plasma Lp(a).",true
607,"Increased diastolic blood pressure (DBP) is associated with abdominal aortic aneurysm.",true
612,"Increased microtubule acetylation exacerbates LRRK2 Roc-COR domain mutation induced locomotor deficits.",false
613,"Increased microtubule acetylation repairs LRRK2 Roc-COR domain mutation induced locomotor deficits.",true
614,"Increased microtubule acetylation repairs interference of axonal transport caused by LRRK2 Roc-COR domain mutations.",true
615,"Increased microtubule acetylation worsens interference of axonal transport caused by LRRK2 Roc-COR domain mutations.",false
619,"Increased vessel density along with a reduction in fibrosis decreases the efficacy of chemotherapy treatments.",false
621,"Individuals with Alzheimers who participate in six months of physical activity improve cognitive function for up to 18 months.",true
624,"Induced hepatic stem cells possess the potential to differentiate into cholangiocytic cells.",true
625,"Induced hepatic stem cells possess the potential to differentiate into hepatocytic cells.",true
626,"Induction of urokinase receptor signaling in podocytes causes foot process effacement and proteinuria.",true
631,"Inhibiting HDAC6 increases survival of mice with ARID1A mutated tumors.",true
632,"Inhibiting focal adhesion formation enables cells to convert mechanical strain into eventual scarring.",false
633,"Inhibiting focal adhesion formation increases the rate at which cells convert mechanical strain into inflammation and fibrosis.",false
635,"Inhibiting glucose-6-phospate dehydrogenase improves lipogenesis by deactivating LKB1-AMPK signaling.",false
636,"Inositol lipid 3-phosphatase PTEN converts Ptdlns(3,4)P 2 into phosphatidylinositol 4-phosphate.",true
640,"Inside the body, falciparum parasites reproduce asexually.",true
641,"Insomnia can be effectively treated with cognitive behavioral therapy.",true
643,"Insulin effects appetite via ventral tegmental neurons.",true
645,"Intake of folic acid (FA) and vitamin B6 (VB6) increases levels of homocysteine.",false
646,"Intake of folic acid (FA) and vitamin B6 (VB6) reduces levels of homocysteine.",true
647,"Integrated care is ineffective at tackling multiple comorbidities.",false
648,"Integrated care is successful at tackling multiple comorbidities.",true
653,"Interleukin-18 plays an important role in the pathogenesis of atherosclerosis.",true
657,"Intramembrane cleavage by signal peptide peptidase aids in the degradation of proteins with a complex membrane orientation.",true
661,"JMJD6 catalyzes the hydroxylation of C-terminal lysine and supresses transcriptional activity.",true
662,"JMJD6 slows the hydroxylation of C-terminal lysine",false
663,"KLF4 is necessary for VSMCs to gain genetic characteristics of other cell types within atherosclerotic lesions.",true
665,"KRT17 modulates the expression of the transcriptional regulator AIRE in diseased epithelia.",true
666,"Kir7.1 modulates channel activity by the G protein-coupled melanocortin-4 receptor (MC4R) in the paraventricular nucleus of the hypothalamus.",true
667,"Klf2 is important for proper myeloid cell function.",true
668,"Klf4 is important for proper myeloid cell differentiation.",true
669,"Klf4 is not required for proper myeloid cell differentiation.",false
670,"Knockout proximal tubule-specific deletion of the BMP receptor Alk3 causes epithelial damage.",true
671,"Knockout proximal tubule-specific deletion of the BMP receptor Alk3 causes fibrosis.",true
673,"LDL cholesterol has a causal role in the development of cardiovascular disease.",true
674,"LDL cholesterol has no involvement in the development of cardiovascular disease.",false
680,"Lack of FGF21 in mice increases life expectancy.",false
681,"Lack of FGF21 in mice leads to atherosclerotic plaque formation.",true
682,"Lack of FGF21 in mice leads to reduced lifespan.",true
683,"Lack of FGF21 in mice slows the rate of atherosclerotic plaque formation.",false
692,"Leuko-increased blood increases infectious complications in red blood cell transfusion.",false
693,"Leuko-reduced blood reduces infectious complications in red blood cell transfusion.",true
694,"Lice attenuated SIV vaccines induce a stronger antigen-specific T cell response in lymph node cells.",true
709,"Long chain polyunsaturated fatty acids supplementation is associated with lower rates of atopic eczema at 1 year.",true
717,"Low nucleosome occupancy correlates with high methylation levels across species.",true
718,"Low nucleosome occupancy correlates with low methylation levels across species.",false
721,"Lupus-prone mice infected with curliproducing bacteria have higher autoantibody titers compared to controls.",true
723,"Ly49Q directs the organization of neutrophil migration to inflammation sites by regulating membrane raft functions.",true
724,"Ly49Q directs the organization of neutrophil polarization by regulating membrane raft functions.",true
726,"Ly6C hi monocytes have a higher inflammatory capacity than Ly6C lo monocytes.",true
728,"Ly6C hi monocytes have a lower inflammatory capacity than Ly6C lo monocytes.",false
729,"Lymphadenopathy is observed in knockin mouse lacking the SHP-2 MAPK pathway.",true
734,"MEK inhibitors are effective treatments in RAS-driven mouse models of cancer.",true
736,"MFGE8 regulates fat absorption by binding to av-Beta3 and av-Beta5 integrins.",true
737,"MICAL redox enzymes regulate actin dynamics in many cell types.",true
738,"MICAL redox enzymes regulate actin dynamics.",true
740,"MUC1-C activates the NF-κB p65 signaling pathway by interacting with IκB kinase ß.",true
742,"Macrolides have no protective effect against myocardial infarction.",true
743,"Macrolides protect against myocardial infarction.",false
744,"Macropinocytosis contributes to a cell's supply of amino acids via the intracellular uptake of protein.",true
745,"MafA phosphorylation decreases its ubiquitination.",false
746,"MafA phosphorylation enhances its ubiquitination.",true
747,"MafA ubiquitination decreases the recruitment of coavtivator P/CAF by MafA.",false
748,"MafA ubiquitination increases the recruitment of coavtivator P/CAF by MafA.",true
749,"Major antigen-induced signals from the T cell receptor and secondary signals from costimulatory receptors are required for T cell activation.",true
751,"Major vault protein (MVP) leads to more aggressive tumors by regulating the sorting of tumor suppressive miR-193a into extracellular vesicles (EVs).",true
752,"Major vault protein regulates sorting of tumor suppressive miR-193a into EVs.",true
756,"Many proteins in human cells can be post-translationally modified at lysine residues via acetylation.",true
759,"Mathematical models predict that using Artemisinin-based combination therapy over nongametocytocidal drugs have a dramatic impact in reducing malaria transmission.",false
760,"Mathematical models predict that using Artemisinin-based combination therapy over nongametocytocidal drugs have only a modest impact in reducing malaria transmission.",true
764,"Medications to treat obesity are highly effective.",false
765,"Medications to treat obesity do not have side effects.",false
766,"Medications to treat obesity have unwanted side effects.",true
767,"Men are more susceptible to death due to pneumonia when compared to women.",false
770,"Metastatic colorectal cancer treated with a single agent fluoropyrimidines resulted in reduced efficacy and lower quality of life when compared with oxaliplatin-based chemotherapy in elderly patients.",true
771,"Metastatic colorectal cancer treated with a single agent fluoropyrimidines resulted in similar efficacy and better quality of life when compared with oxaliplatin-based chemotherapy in elderly patients.",false
772,"Mice are incapable of producing neutralizing antibodies in reponse to the Chikungunya virus (CHIKV) produced in mosquitos.",false
778,"Mice lacking Sirt1 in Sf1-expressing neurons are immune to diet-induced obesity and insulin resistance.",false
779,"Mice lacking Sirt1 in Sf1-expressing neurons have increased susceptibility to diet-induced obesity and insulin resistance.",true
780,"Mice that lack Interferon-γ or its receptor are highly susceptible to experimental autoimmune myocarditis.",true
781,"Mice that lack Interferon-γ or its receptor exhibit high resistance to experimental autoimmune myocarditis.",false
782,"Mice without IFN-γ or its receptor are highly susceptible to EAM induced with α-MyHC/CFA.",true
784,"MicroRNA is involved in the regulation of Neural Stem Cell (NSC) differentiation and proliferation dynamic homeostasis",true
787,"Microcin J25 encourages nucleoside triphosphate (NTP) binding.",false
788,"Microcin J25 inhibits nucleoside triphosphate (NTP) binding.",true
789,"Microglia are an innate immune cell type of the central nervous system.",true
790,"Microglia are an innate immune cell type of the peripheral nervous system.",false
791,"Migraine with aura is associated with ischemic stroke.",true
792,"Misunderstandings between doctors and patients can lead to non-adherence.",true
793,"Mitochondria are uninvolved in apoptosis.",false
795,"Mitochondria play a major role in apoptosis.",true
797,"Mitochondria play a major role in energy production.",true
798,"Mitochondria play a trivial role in calcium homeostasis.",false
801,"Monoclonal antibody targeting of N-cadherin encourages castration resistance.",false
802,"Monoclonal antibody targeting of N-cadherin encourages metastasis.",false
803,"Monoclonal antibody targeting of N-cadherin inhibits castration resistance.",true
804,"Monoclonal antibody targeting of N-cadherin inhibits growth.",true
805,"Monoclonal antibody targeting of N-cadherin inhibits metastasis.",true
807,"Most termination events in Okazaki fragments are dictated by initiation patterns.",true
808,"Most termination events in Okazaki fragments are sequence specific.",true
810,"Mouse models can be generated using ""artificial spermatids.""",true
811,"Mutant mice lacking SVCT2 have greatly increased ascorbic acid levels in both brain and adrenals.",false
812,"Mutant mice lacking SVCT2 have severely reduced ascorbic acid levels in both brain and adrenals.",true
815,"Mutations in RIM1 decrease levels of IME1 RNA.",true
816,"Mutations in RIM1 raise levels of IME1 RNA.",false
818,"Myelin sheaths play a role in action potential propagation.",true
822,"N348I mutations cause resistance to nevirapine.",true
823,"N348I mutations cause resistance to zidovudine (AZT).",true
825,"N348I mutations reduce resistance to nevirapine.",false
832,"NFAT4 activation requires IP3R-mediated Ca2+ mobilization.",true
835,"NR5A2 does not play a role in development of endometrial tissues.",false
837,"NR5A2 is important in development of endometrial tissues.",true
839,"Nanoparticles can be targeted against specific cell types by incorporating aptamers into lipid nanoparticles.",true
840,"Natriuretic peptides increase susceptibility to diabetes.",false
841,"Natriuretic peptides protect against diabetes.",true
844,"Neutrophil extracellular trap (NET) antigens may contain the targeted autoantigens PR3 and MPO.",true
845,"Neutrophil extracellular traps (NETs) are released by ANCA-stimulated neutrophils.",true
846,"Neutrophils produce IL-1β in response to large particles.",true
847,"New drugs for tuberculosis often do not penetrate the necrotic portion of a tuberculosis lesion in high concentrations.",false
852,"Non-invasive ventilation use should be decreased if there is inadequate response to conventional treatment.",false
853,"Nonhuman primates are incapable of producing neutralizing antibodies in reponse to the Eilat virus (EILV) produced in mosquitos.",false
854,"Nonhypertensive people who are 55 years old have a 90% chance of developing hypertension during their lifetime.",true
855,"Noninvasive positive pressure ventilation is not predictive of acute respiratory failure after solid organ transplantation.",false
856,"Nonsteroidal antinflammatory drugs are ineffective as cancer treatments.",false
857,"Nonsteroidal antinflammatory drugs show potential anticancer indications.",true
858,"Normal expression of RUNX1 causes tumorsupressing effects.",true
859,"Normal expression of RUNX1 has tumor-promoting effects.",false
860,"Normal granulomas form in the absence of TNF in Zebrafish.",true
861,"Normal granulomas form in the presence of TNF in Zebrafish.",false
863,"Notch signaling occurs between tumor cells and stromal cells.",true
867,"Oat tolerant coeliac patients may have oat specific inflammatory cells in their small bowel mucosa.",true
873,"Obesity is determined solely by environmental factors.",false
879,"Occupancy of ribosomes by IncRNAs do not make functional peptides.",false
880,"Occupancy of ribosomes by IncRNAs mirror 5 0-UTRs",true
881,"Omnivores produce less trimethylamine N-oxide from dietary I-carnitine than vegans.",false
882,"Omnivores produce less trimethylamine N-oxide from dietary I-carnitine than vegetarians.",false
883,"Omnivores produce more trimethylamine N-oxide from dietary I-carnitine than vegans.",true
884,"Omnivores produce more trimethylamine N-oxide from dietary I-carnitine than vegetarians.",true
885,"One in five surgical randomized controlled trials are discontinued early.",true
886,"One in two surgical randomized controlled trials are discontinued early.",false
893,"Osteocytes have an essential role in G-CSF induced HSPC mobilization.",true
901,"PCSK9 inhibitors decrease plasma Lp(a) levels.",true
902,"PD-1 triggering on monocytes enhances IL-10 production by monocytes.",true
903,"PD-1 triggering on monocytes reduces IL-10 production by monocytes.",false
904,"PDPN promotes efficient motility along stromal surfaces by activating the C-type lectin receptor to rearrange the actin cytoskeleton in dendritic cells.",true
909,"PKG-la does not have a large impact on expression of pain hypersensitivity in PGK-la knockout mice.",false
910,"PKG-la does not have a large impact on expression of spinal long term potentiation in PGK-la knockout mice.",false
911,"PKG-la plays an essential role in expression of pain hypersensitivity in PGK-la knockout mice.",true
912,"PKG-la plays an essential role in expression of spinal long term potentiation in PGK-la knockout mice.",true
917,"PTEN is a regulator for the transcriptional activity of SRF",true
919,"Participants who quit smoking reduce lung cancer risk by approximately 50%.",true
921,"Participating in six months of physical activity improves cognitive functioning.",true
922,"Patients in stable partnerships have a faster progression from HIV to AIDS.",false
923,"Patients in stable partnerships have a slower progression from HIV to AIDS.",true
925,"Patients in stable partnerships progress from HIV to death at the same rate as patients not in partnerships.",false
926,"Patients with common epithelial cancers  are more likely to have an emergency event as their first hospital admission if they live in resource-deprived areas.",true
927,"Patients with common epithelial cancers are less likely to have an emergency event as their first hospital admission if they live in resource-deprived areas.",false
928,"Patients with microcytosis and higher erythrocyte count are more vulnerable to severe malarial anaemia when infected with Plasmodium falciparum.",false
929,"Patients with microcytosis and higher erythrocyte count were more resistant to severe malarial anaemia when infected with Plasmodium falciparum.",true
930,"Patients with panic anxiety show decreased CSF levels of hypocretin.",false
933,"Pediatric SCD patients with vaso-occlusive crisis show increased morphine use after breathing 80 ppm iNO for 4 hours.",true
935,"Peroxynitrite is required for induction of T cell tolerance.",true
936,"Peroxynitrite is required for nitration of TCR/CD8.",true
940,"Pharmacist attendance at ward rounds increases adverse events in wards.",false
941,"Pharmacist attendance at ward rounds reduces adverse events in wards.",true
942,"Phase information is useful for predicting donor-recipient matches in organ transplantation.",true
944,"Physical activity does not improve cognitive function in individuals with Alzheimers.",false
951,"Piezo1 channels are sensors for cell migration in epithelial cells.",true
952,"Pioglitazone use is not associated with an increased risk of prostate cancer.",false
953,"Pioglitazone use is significantly associated with an increased risk of pancreatic cancer.",true
954,"Pioglitazone use is significantly associated with an increased risk of prostate cancer.",true
955,"Pioneer factor OCT3/4 interacts with major chromatin remodeling factors.",true
957,"Podocytes are motile and migrate in the presence of injury.",true
959,"Polymeal nutrition increases cardiovascular mortality.",false
960,"Polymeal nutrition reduces cardiovascular mortality.",true
962,"Post-transcriptional handling of mitochondrial transcripts occurs in mitochondrial RNA granules.",true
963,"Pre-mRNAs associated with spliceosomal components are less stable than unassociated splicing substrates.",false
964,"Pre-mRNAs associated with spliceosomal components are more stable than unassociated splicing substrates.",true
965,"Prescribed exercise training improves quality of life.",true
967,"Pretreatment with the Arp2/3 inhibitor CK-666 affects lamelliopodia formation.",true
971,"Primary cervical cancer screening with HPV detection has higher longitudinal sensitivity than conventional cytology to detect cervical intraepithelial neoplasia grade 2.",true
972,"Primary cervical cancer screening with HPV detection has lower longitudinal sensitivity than conventional cytology to detect cervical intraepithelial neoplasia grade 2.",false
973,"Primary cervical cytology screening with HPV detection has higher longitudinal sensitivity to detect severe cervical intraepithelial neoplasia than conventional cytology.",true
977,"Pro-inflammatory cytokines are up regulated during tumor development.",true
979,"Progerin induces premature aging in stem cells.",true
980,"Propriospinal interneurons that play a role in the plastic reorganization of spinal circuits are integral for recovery from spinal cord injury.",true
982,"Proteins synthesized at the growth cone are ubiquitinated at a higher rate than proteins from the cell body.",true
984,"Pseudogene PTENP1 encodes a transcript that regulates PTEN expression.",true
985,"Pseudogene PTENP1 regulates the expression of PTEN by functioning as an miRNA decoy.",true
990,"Pyridostatin decreases telomere fragility in BRCA2-deficient cells.",false
992,"Pyridostatin deregulates G2/M progression.",true
993,"Pyridostatin destabilizes the G - quadruplex in the telomeric region.",false
994,"Pyridostatin encourages proliferation of homologous recombination - defective cells.",false
996,"Pyridostatin induces checkpoint activation.",true
997,"Pyridostatin induces double-strand breaks accumulation.",true
998,"Pyridostatin prevents double-strand breaks accumulation.",false
999,"Pyridostatin reduces proliferation of homologous recombination - defective cells.",true
1000,"Pyridostatin stabilizes the G - quadruplex in the telomeric region.",true
1003,"RAD52 is involved in break-induced DNA replication (BIR).",true
1004,"RANK-RANKL pathway signalling has no known association with development of Aire-expressing medullary thymic epithelial cells.",false
1005,"RANK-RANKL pathway signalling is linked to development of Aire-expressing medullary thymic epithelial cells.",true
1006,"RTEL1 interacts with TRF2 through a C4C4 motif",true
1009,"RUNX1 is downregulated or mutated in TLX1 T-ALL.",true
1011,"Radioiodine treatment of non-toxic multinodular goitre increases thyroid volume.",false
1012,"Radioiodine treatment of non-toxic multinodular goitre reduces thyroid volume.",true
1015,"Rapamycin delays aging in fruit flies.",true
1018,"Rapid phosphotransfer rates are correlated with histidine kinase regulator specificity.",true
1019,"Rapid phosphotransfer rates govern fidelity in two component systems",true
1020,"Rapid up-regulation and higher basal expression of interferon-induced genes increase survival of granule cell neurons that are infected by West Nile virus.",true
1021,"Rapid up-regulation and higher basal expression of interferon-induced genes reduce survival of granule cell neurons that are infected by West Nile virus.",false
1023,"Recognition of start codons depends on the translation initiation factor IF3.",true
1024,"Recurrent mutations occur frequently within CTCF anchor sites adjacent to oncogenes.",true
1028,"Reduced responsiveness to interleukin-2 in regulatory T cells is associated with autoimmune diseases such as Type 1 Diabetes.",true
1029,"Reduced responsiveness to interleukin-2 in regulatory T cells is associated with greater resistance to autoimmune diseases such as Type 1 Diabetes.",false
1030,"Reducing H3k4me3 methylation induces mouse epiblast stem cells to naive pluripotency efficiently.",true
1031,"Reduction of Rpl38 alters the composition of the Hox gene mRNAs translation in mice without lowering overall protein synthesis.",true
1034,"Removal of H3K9me3 by ectopic expression of other H3K9 demethylases decreases reprogramming efficiency in SCNT experiments.",false
1035,"Removal of H3K9me3 by ectopic expression of other H3K9 demethylases improves reprogramming efficiency in SCNT experiments.",true
1036,"Removal of H3K9me3 improves reprogramming efficiency in human somatic cell nuclear transfer experiments.",true
1040,"Replacement of histone H2A with H2A.Z accelerates gene activation in yeasts by destabilizing +1 nucleosomes.",true
1041,"Replacement of histone H2A with H2A.Z slows gene activation in yeasts by stabilizing +1 nucleosomes.",false
1042,"Repressing IL-18 has negative effects on atherosclerotic lesion composition and progression.",false
1043,"Retinoic acid receptor-related orphan receptor gamma (RORγ) is a therapeutic target for castration-resistant prostate cancer (CRPC)",true
1044,"Rhythmic expression of Cry1 translates directly into a circadian regulation of cAMP signaling in gluconeogenesis.",true
1045,"Rhythmic expression of Cry1 translates directly into a circadian regulation of cAMP signaling in hepatic glucose metabolism.",true
1048,"Ribosomopathies have a high degree of cell and tissue specific pathology.",true
1049,"Ribosomopathies have a low degree of cell and tissue specific pathology.",false
1050,"Risedronate increases risk of vertebral and non-vertebral fractures.",false
1054,"Risk of cardiovascular events can be cut by a third by using antihypertensive drug therapy among hemodialysis patients.",true
1055,"Risk-adjusted mortality rates are similar in teaching and non-teaching hospitals.",true
1056,"Rotator cuff exercises are more effective than general exercise therapy in reducing pain and improving function of the shoulder.",true
1062,"S-nitrosylated GAPDH physiologically transnitrosylates histone deacetylases.",true
1065,"Satellite cell dysfunction is a key factor in sarcopenia development.",false
1069,"Scapular stabilizer exercises are more effective than general exercise therapy in reducing pain and improving function of the shoulder.",true
1072,"Sepsis related mortality has remained stable between 2009-2014.",true
1073,"Sepsis related mortality has risen from 2009 to 2014.",false
1081,"Side effects associated with antidepressants do not represent a mortality risk to postmenopausal women.",false
1084,"Side effects associated with antidepressants increases risk of stroke.",true
1086,"Sildenafil improves erectile function in men who experience sexual dysfunction as a result of the use of SSRI antidepressants.",true
1087,"Sildenafil worsens erectile function in men who experience sexual dysfunction as a result of the use of SSRI antidepressants.",false
1088,"Silencing of Bcl2 is important for the maintenance and progression of tumors.",false
1089,"Smc5/6 engagment drives the activation of SUMO E3 ligase Mms21 by ATP-dependent remolding.",true
1090,"Smc5/6 engagment halts the activation of SUMO E3 ligase Mms21 by ATP-dependent remolding.",false
1097,"Splenomegaly is observed in knockin mouse lacking the SHP-2 MAPK pathway.",true
1101,"Stiff substrates encourage mesodermal differentiation by degrading beta-catenin in an integrin-dependent manner.",false
1102,"Stiff substrates inhibit mesodermal differentiation by degrading beta-catenin in an integrin-dependent manner.",true
1103,"Stroke patients with prior use of direct oral anticoagulants have a higher risk of in-hospital mortality than stroke patients with prior use of warfarin.",false
1104,"Stroke patients with prior use of direct oral anticoagulants have a lower risk of in-hospital mortality than stroke patients with prior use of warfarin.",true
1105,"Students who perform poorly in the early years of medical school are at increased risk for professional misconduct later in their careers.",true
1106,"Students who perform poorly in the early years of medical school are less likely to commit professional misconduct later in their careers.",false
1107,"Subcutaneous fat depots undergo extensive browning processes after cold exposure.",true
1109,"Suboptimal nutrition is a leading cause of premature death",true
1110,"Suboptimal nutrition is not predictive of chronic disease",false
1114,"Surfactin producing cells and exopolymer producing cells cooperate to generate ""Van Gogh"" bundles that have sliding abilities on specialized media.",true
1115,"Surgical treatment is not superior to non-surgical in treating adults with displaced fractures of the proximal humerus.",true
1119,"Sympathetic nerve activity is elevated throughout normal pregnancy.",true
1120,"Sympathetic nerve activity is reduced throughout normal pregnancy.",false
1121,"Synaptic activity enhances local release of brain derived neurotrophic factor from postsynaptic dendrites.",true
1125,"Systemic immunosuppressive (IS) therapy does not enhance the chance of cancer mortality in patients with inflammatory eye disease (IED)",true
1126,"Systemic immunosuppressive (IS) therapy increases the chance of cancer mortality in patients with inflammatory eye disease (IED)",false
1127,"Systemic lupus erythematosus is a risk factor for cardiovascular disease.",true
1128,"T cell receptor /CD3 microdomains are required to induce the immunologic synapse.",true
1130,"T regulatory cells (tTregs) lacking αvβ8 are more adept at suppressing pathogenic T-cell responses during active inflammation.",false
1132,"TCR/CD3 microdomains are a required to induce the immunologic synapse to activate T cells.",true
1133,"TMEM27 is a marker for beta cells.",true
1134,"TNFAIP3 is a glioblastoma tumor enhancer.",true
1135,"TNFAIP3 is a glioblastoma tumor suppressor.",false
1136,"TNFAIP3 is a tumor enhancer in glioblastoma.",true
1137,"TNFAIP3 is a tumor suppressor in glioblastoma.",false
1138,"TRAP+ osteoclasts regulate mature osteoblast maintenance.",true
1139,"Taking 400mg of α-tocopheryl acetate does not prevent prostate cancer.",true
1140,"Taking 400mg of α-tocopheryl acetate helps to prevent prostate cancer.",false
1141,"Taking 400mg of α-tocopheryl acetate in combination with vitamin C reduces the risk of prostate cancer.",false
1142,"Taking anti-depresents is associated with a decrease in the Aβ level in the brain of experimental animals.",true
1144,"Taxation of sugar-sweetened beverages had no effect on the incidence rate of type II diabetes in India.",false
1145,"Taxation of sugar-sweetened beverages reduced the incidence rate of type II diabetes in India.",true
1146,"Teaching hospitals do not provide better care than non-teaching hospitals.",true
1148,"Ten percent (10%) of kidney cancers in the UK are attributable to excess weight.",true
1150,"Tetraspanin-3 is a causative factor in the development of acute myelogenous leukemia",true
1153,"The C-type lectin receptor (CLEC-2) rearranges the actin cytoskeleton in dendritic cells to promote efficient motility along stromal surfaces.",true
1156,"The DESMOND program caused substantial weight loss in most participants.",false
1157,"The DESMOND program demonstrates no significant impact on biochemical outcomes.",true
1158,"The DESMOND program demonstrates no significant impact on lifestyles outcomes.",true
1159,"The DESMOND program demonstrates no significant impact on weight loss.",true
1162,"The DdrB protein from Deinococcus radiodurans functions as a pentamer.",true
1163,"The DdrB protein from Deinococcus radiodurans is an alternative SSB.",true
1169,"The M2-phenotype in brown adipose tissue macrophages increases brown adipose tissue thermogenic activity.",true
1170,"The NF-κB essential modulator gene induces intestinal inflammation by promoting receptor-interacting protein (RIP) kinase 1 kinase activity-mediated epithelial cell death.",false
1171,"The NF-κB essential modulator gene prevents intestinal inflammation by inhibiting receptor-interacting protein (RIP) kinase 1 kinase activity-mediated epithelial cell death.",true
1173,"The PDPN gene deactivates the C-type lectin receptor (CLEC-2).",false
1176,"The PRDM1 gene is a key determinant of primordial germ cells.",true
1177,"The PRDM1 gene, when combined with the PRDM14 gene, plays an important role during primordial germ cell specification.",true
1180,"The PRR MDA5 is a sensor of RNA virus infection.",true
1181,"The RANK-RANK-Ligand (RANKL) pathway is involved in the development of Aire-expressing medullary thymic epithelial cells (mTECs).",true
1182,"The Snf1 complex regulates carbon and energy metabolism in baker's yeast (Saccharomyces cerevisiae).",true
1184,"The US health care system can save up to $5 billion if 7% of patients waiting for kidney transplants participate in the optimized national kidney paired donation program.",false
1185,"The US health care system can save up to $750 million if 7% of patients waiting for kidney transplants participate in the optimized national kidney paired donation program.",true
1187,"The YAP1 and TEAD complex tanslocates into the nucleus where it interacts with transcription factors and DNA-binding proteins that modulate target gene transcription.",true
1202,"The center of the granuloma in an immune cell induces a pro-inflammatory immune response.",true
1205,"The combination of physical examinations with C-reactive protein values do not improve the accuracy of radiographic verified pneumonia predictions.",false
1209,"The deamination of cytidine to uridine on the minus strand of viral DNA can inactivate the viral genome by inducing G-to-A mutations.",true
1210,"The density of cytokine receptor bearing cells affects the distance over which cytokines act.",true
1211,"The density of cytokine receptor bearing cells has no effect on the distance over which cytokines act.",false
1216,"The extracellular domain of TMEM27 is cleaved in human beta cells.",true
1220,"The generation of reactive oxygen species by activated oncogenes contributes to the increased genomic instability of leukaemia cells.",true
1221,"The genomic aberrations found in matasteses are very similar to those found in the primary tumor.",false
1223,"The innate immune response struggles to remove small numbers of parasites.",false
1224,"The latent infection of myeloid cells with human cytomegalovirus induces a number of changes in gene expression.",true
1225,"The locus rs647161 is associated with colorectal carcinoma.",true
1227,"The mean suicide rate in women is higher after miscarriage than live birth.",true
1228,"The mean suicide rate in women is lower after miscarriage than live birth.",false
1229,"The microtubule-dependent delivery and secretion of matrix metalloproteases (MMPs) is partially responsible for the disassembly of adhesion sites.",true
1230,"The minor G allele of FOXO3 downregulates pro-inflammatory cytokines.",true
1231,"The minor G allele of FOXO3 is related to less severe symptoms of Crohn's Disease.",true
1232,"The minor G allele of FOXO3 is related to more severe symptoms of Crohn's Disease.",false
1234,"The minor G allele of FOXO3 up-regulates IL-10.",true
1237,"The most prevalent adverse events to Semaglutide are cardiovascular.",false
1238,"The most prevalent adverse events to Semaglutide are gastrointestinal.",true
1239,"The myocardial cell lineage originally develops from cardiac progenitors of exclusively endodermal origin.",false
1241,"The myocardial lineage develops from cardiac progenitors of mesodermal origin.",true
1246,"The one-child policy has created a hospitable environment for female infants.",false
1248,"The peak incidence of fractures occurs during pubertal growth spurt in early adolescents.",true
1249,"The peak incidence of fractures occurs in toddlers.",false
1254,"The proliferative capacity of neural progenitors differs across species.",true
1255,"The proliferative capacity of progenitors is regulated cell-autonomously.",true
1258,"The recruitment of Wdr5 to its target loci depends on Kat8.",true
1259,"The relationship between a breast cancer patient's capacity to metabolize tamoxifen and treatment outcome is dependent on the patient's genetic make-up.",true
1260,"The relationship between a breast cancer patient's capacity to metabolize tamoxifen and treatment outcome is independent of the patient's genetic make-up.",false
1261,"The removal of reactive oxygen species by activated oncogenes contributes to the increased genomic instability of leukaemia cells.",false
1262,"The repair of Cas9-induced double strand breaks in human DNA is error-prone.",true
1263,"The repeat-variable diresidue (RVD) in the loop of Transcription-Activator Like (TAL) effectors specifies the nucleotides-amino acid contact at the target promoter element.",true
1265,"The risk of breast cancer among parous women decreases with placental weight of pregnancies.",false
1266,"The risk of breast cancer among parous women increases with placental weight of pregnancies, and this association is strongest for premenopausal breast cancer.",true
1268,"The risk of cancer rises with level of alcohol consumption.",true
1269,"The risk of female prisoners harming themselves is ten times that of male prisoners.",true
1270,"The risk of male prisoners harming themselves is ten times that of female prisoners.",false
1271,"The severity of cardiac involvement in amyloidosis can be described by the degree of transmurality of late gadolinium enhancement in MRI.",true
1273,"The sliding activity of kinesin-8 protein Kip3 promotes bipolar spindle assembly.",true
1274,"The tip of the inner tube of the toxic type VI secretion system (T6SS) antibacterial effector in Escherichia coli (E. coli) carries toxic effector proteins.",true
1276,"The tissue surrounding the granuloma in an immune cell induces an anti-inflammatory immune response.",true
1284,"Therapeutics receiving accelerated approval encounter a lower frequency of post-marketing safety events",false
1288,"There is a positive correlation between hip fractures and statin use.",false
1289,"There is a relation between Erythromycin use and hypertrophic pyloric stenosis.",true
1290,"There is an inverse relationship between hip fractures and statin use.",true
1293,"There is no increased risk of hypospadias with clomiphene.",false
1294,"There is no known interaction between Pioneer factor OCT3/4 and major chromatin remodeling factors.",false
1295,"There is no relation between Erythromycin use and hypertrophic pyloric stenosis.",false
1297,"There was an estimated 30 million cases of pneumonia in young children worldwide in 2010.",true
1298,"Thigh-length graduated compression stockings (GCS) did not reduce deep vein thrombosis in patients admitted to hospital who are immobile because of acute stroke.",true
1303,"Tirasemtiv has no effect on fast-twitch muscle.",false
1305,"Tirasemtiv targets fast-twitch muscle.",true
1311,"Trans-acting factors, such as lncRNAs, influence mRNA translation.",true
1312,"Transcription factor EB induces transcription of pro-inflammatory cytokines in macrophages infected with Staphylococcus aureus.",true
1319,"Transplanted human glial cells can differentiate within the host animal.",true
1320,"Transplanted human glial progenitor cells are incapable of forming a neural network with host animals' neurons.",false
1322,"Transplanted human glial progenitor cells can mature in their host animal.",true
1323,"Treatment with a protein named FN impairs regenerative abilities of aged muscles.",false
1324,"Treatment with a protein named FN restores regenerative abilities of aged muscles.",true
1327,"Tuberculosis incidence occurs at higher rates in more sparsely populated areas in the UK.",false
1328,"Tuberculosis-induced granulomas express different immune system protein signatures than the surrounding tissue.",true
1333,"Two variants of chromosome 6q21 are associated with radiation therapy-induced second malignancies in pediatric Hodgkin lymphoma patients.",true
1334,"Type 1 Diabetes is associated with subtle perturbations in T reg development.",true
1335,"UCB T cells maintain high TCR diversity after transplantation.",true
1336,"UCB T cells reduce TCR diversity after transplantation.",false
1337,"Ubiquitin ligase UBC13 generates a K63-linked polyubiquitin moiety at PCNA K164.",true
1339,"Ultrasound guidance significantly raises the number of traumatic procedures when attempting needle insertion.",false
1340,"Ultrasound guidance significantly reduces the number of needle insertion attempts necessary for a given procedure.",true
1341,"Ultrasound guidance significantly reduces the number of traumatic procedures when attempting needle insertion.",true
1346,"Upon developing tyrosine-kinase inhibitor resistance, new mutations in epidermal growth factor receptors emerge and cause treatment failure.",true
1347,"Upon viral challenge, influenza-specific memory CD4+ T cells greatly diminish the early production of inflammatory chemokines in the lung.",false
1348,"Upon viral challenge, influenza-specific memory CD4+ T cells greatly enhance the early production of inflammatory chemokines in the lung.",true
1351,"Upregulation of dynein in Drosophila neurons increases the number of microtubule plus-ends growing toward the cell body of each neuron.",false
1352,"Upregulation of mosGCTL-1 is induced upon infection with West Nile virus.",true
1355,"V-9302 inhibits antitumor responses by decreasing cell death and oxidative stress.",false
1356,"Vaccinating the gastrointestinal tract induces protection of rectal and vaginal mucosa.",true
1359,"Varenicline monotherapy is more effective after 12 weeks of treatment compared to combination nicotine replacement therapies with varenicline or bupropion.",false
1360,"Varenicline monotherapy is more effective after 26 weeks of treatment compared to combination nicotine replacement therapies with varenicline or bupropion.",false
1361,"Varying expression levels of EBI2 affect the positioning and migration of B cells.",true
1366,"VgrG (Tssl) protein punctures membranes by forming a spike at the tip of the tube apparatus.",true
1367,"Vitamin D deficiency effects birth weight.",true
1368,"Vitamin D deficiency effects the term of delivery.",true
1370,"Vitamin D deficiency is unrelated to birth weight.",false
1371,"Vitamin D is an important factor in the relationship between calcium and parathyroid hormone.",true
1372,"Walking in traffic areas in London did not improve lung function in elderly adults.",true
1373,"Walking in traffic areas in London improves lung function in elderly adults.",false
1376,"Whole brain radiotherapy increases the occurrence of new brain metastases.",false
1378,"Women are more susceptible to death due to pneumonia when compared to men.",true
1379,"Women with a higher birth weight are more likely to develop breast cancer later in life.",true
1380,"Women with a lower birth weight are more likely to develop breast cancer later in life.",false
1381,"YAP/TAZ is required in intestinal regeneration in mouse models of ulcerative colitis.",true
1382,"aPKCz causes tumour enhancement by affecting glutamine metabolism.",false
1383,"aPKCz causes tumour suppression by affecting glutamine metabolism.",true
1385,"cSMAC formation enhances weak ligand signalling.",true
1386,"cSMAC formation represses weak ligand signalling.",false
1389,"mTORC2 regulates intracellular cysteine levels through xCT inhibition.",true
1390,"mcm 5 s 2 U is required for proper decoding of NNR codons in eukaryotes.",true
1391,"miR-142-5P is a known regulator of raised body temperature.",true
1392,"miR-142-5P is a temperature-sensitive microRNA (miRNA).",true
1393,"miRNAs enforce homeostasis by suppressing low-level ''leaky'' transcription.",true
1403,"siRNA knockdown of A20 accelerates tumor progression in an in vivo murine xenograft model.",false
1404,"siRNA knockdown of A20 slows tumor progression in an in vivo murine xenograft model.",true
1406,"β-sheet opening occurs during pleurotolysin pore formation.",true
