url,ai_class,confidence
http://www.fsis.usda.gov/food-safety/safe-food-handling-and-preparation/food-safety-basics/molds-food-are-they-dangerous,Human,0.9985
https://2peasrefugees.boards.net/thread/5134/tempurpedic-mattress-longer-2-years,Human,0.999
https://2peasrefugees.boards.net/thread/74560/make-lobster-tails,Human,0.9995
https://americanrarecoinandcollectibles.com/product-information-and-pricing-for-buyers/buyers-circulated-u-s-gold-coins,Human,1
https://blog.massmutual.com/planning/what-divorcees-should-consider-when-filing-for-social-security,Human,0.999
https://bmdforum.proboards.com/thread/248/cheating-on-girlfriend-baby-mama,Human,0.9985
https://bootcampdrivers.freeforums.net/thread/383/optimizing-windows-10-gaming-v2,Human,0.9995
https://caliberservices.ca/cheat-the-forest-ps4,Human,0.9995
https://carbuzz.com/nevi-charging-funding-temporary-injunction,Human,0.999
https://championships.usga.org/ussenioramateur/2025/articles/2025-us-senior-amateur-qualifying-results.html,Human,0.9609
https://championships.usga.org/ussenioropen/2026/tickets.html,Human,0.9941
https://datarecovee.com/how-to-add-shared-mailbox-in-outlook,AI,1
https://enapartebyaudrey.fr/cheat-the-forest-ps4,Human,0.9985
https://georgiaaccess.gov,Human,0.999
https://health.usnews.com/conditions/hyperkalemia,Human,0.9995
https://helpx.adobe.com/acrobat/kb/create-high-resolution-print-ready-pdf.html,Human,0.9873
https://helpx.adobe.com/acrobat/using/certificate-based-signatures.html,Human,0.9922
https://helpx.adobe.com/acrobat/using/digital-ids.html,Human,0.9995
https://helpx.adobe.com/acrobat/using/edit-text-pdfs.html,Human,0.9946
https://helpx.adobe.com/acrobat/using/enhance-camera-images.html,Human,0.9966
https://helpx.adobe.com/acrobat/using/fill-and-sign.html,Human,0.9985
https://helpx.adobe.com/acrobat/using/optimizing-pdfs-acrobat-pro.html,Human,0.8804
https://helpx.adobe.com/acrobat/using/pdf-to-word.html,Human,0.9951
https://helpx.adobe.com/acrobat/using/send-for-signature.html,Human,0.9995
https://helpx.adobe.com/acrobat/using/signing-pdfs.html,Human,0.9995
https://helpx.adobe.com/acrobat/web/share-review-and-export/export-and-print/compress-pdfs.html,Human,0.9951
https://helpx.adobe.com/acrobat/web/share-review-and-export/share-documents/unshare-pdfs.html,Human,0.9946
https://helpx.adobe.com/creative-cloud/help/uninstall-creative-cloud-desktop-app.html,Human,0.999
https://helpx.adobe.com/enterprise/using/admin-console.html,Human,0.9995
https://helpx.adobe.com/manage-account/using/change-email-address.html,Human,0.998
https://helpx.adobe.com/photoshop/kb/photoshop-cc-gpu-card-faq.html,Human,0.999
https://helpx.adobe.com/photoshop/using/quick-actions/remove-background.html,Human,0.9985
https://helpx.adobe.com/reader/using/fill-and-sign.html,Human,0.9995
https://helpx.adobe.com/reader/using/sign-pdfs.html,Human,0.9961
https://helpx.adobe.com/sign/authoring/fields/e-signature.html,Human,0.9995
https://helpx.adobe.com/sign/config/digital-signatures/overview.html,Human,0.9985
https://helpx.adobe.com/sign/how-to/use-fill-and-sign.html,Human,0.9995
https://helpx.adobe.com/sign/using/create-electronic-signature.html,Human,0.999
https://helpx.adobe.com/sign/using/field-types.html,Human,0.9995
https://helpx.adobe.com/sign/using/user-profile/my-signature.html,Human,0.999
https://helpx.adobe.com/support.html,Human,0.9976
https://helpx.adobe.com/x-productkb/global/determine-whether-computer-running-32.html,Human,0.9907
https://immunisationhandbook.health.gov.au/contents/vaccine-preventable-diseases/hepatitis-a,Human,0.9985
https://info.authorisationmanager.gov.au/manage-authorisations,Human,0.9995
https://investor.avinc.com/news-releases/news-release-details/aerovironment-announces-fiscal-2025-fourth-quarter-and-fiscal,Human,0.9995
https://investor.pacira.com/news-releases/news-release-details/pacira-biosciences-announces-new-product-specific-j-code-exparel,Human,0.9985
https://ir.immunitybio.com/news-releases/news-release-details/immunitybio-announces-permanent-j-code-j9028-anktivar-now,Human,0.9971
https://ir.mccormick.com/news-releases/news-release-details/mccormick-reports-strong-second-quarter-performance-and,Human,0.9917
https://iuhealth.org/find-medical-services/schizophrenia-thought-disorders,Human,0.999
https://iuhealth.org/thrive/is-it-covid-19-flu-or-a-cold,Human,0.9995
https://k923.fm/sturgis-falls-2025,Human,0.9976
https://learnenglish.britishcouncil.org/grammar/b1-b2-grammar/intensifiers-so-such,Human,0.998
https://nonstopswim.com/collections/pool-heaters-for-above-ground-pools,Human,0.9751
https://possibilityforjoy.proboards.com/thread/2220/pilot-season-tv-terms-explained,Human,0.9995
https://quickbooks.intuit.com/r/bookkeeping/accounting-ledger,Human,0.9976
https://screenrant.com/amazon-echo-show-how-turn-off-screen,Human,0.9985
https://screenrant.com/best-bg3-characters-should-return-bg4,Human,0.9946
https://screenrant.com/cocomelon-hello-kitty-sanrio-new-tv-show-anime,Human,0.9956
https://screenrant.com/f1-movie-racing-secret-damson-idris-kerry-condon-javier-bardem-interview,Human,0.999
https://screenrant.com/squid-game-front-man-spinoff-chances-addressed-lee-byung-hun,Human,0.9971
https://screenrant.com/squid-game-season-3-fan-theories-correct-reaction,Human,0.9966
https://screenrant.com/star-wars-high-republic-youngest-jedi-vern-anakin,Human,0.999
https://screenrant.com/star-wars-movies-anakin-vader-age-how-old,Human,0.9937
https://screenrant.com/teen-mom-leah-messer-talks-jason-jordan-split,Human,0.9995
https://screenrant.com/tesla-supercharger-host-eligibility-apply-explained,Human,0.9976
https://screenrant.com/the-forest-cheat-codes-pc-ps4,Human,0.999
https://screenrant.com/tracker-season-2-episode-20-review,Human,0.9946
https://screenrant.com/windows-11-move-taskbar-left-how-tutorial,Human,0.9995
https://shortpixel.com/blog/image-file-size-reducer,AI,1
https://store.carta-jerusalem.com/carta-map-bank/458-from-nazareth-to-cana-and-capernaum.html,Human,0.9995
https://support.hp.com/au-en/document/ish_5004190-4987856-16,Human,0.9897
https://support.hp.com/in-en/document/ish_6930187-6931079-16,Human,0.999
https://support.hp.com/us-en/document/ish_3102863-2949936-16,Human,0.9888
https://support.hp.com/us-en/document/ish_4469498-3477912-16,Human,0.8892
https://support.hp.com/us-en/document/ish_5004190-4987856-16,Human,0.9971
https://support.hp.com/us-en/document/ish_6930187-6931079-16,Human,0.9995
https://support.lenovo.com/lk/en/solutions/ht502786-how-to-identify-your-windows-10-version-a-list-of-windows-10-versions,Human,0.9956
https://support.lenovo.com/mn/en/solutions/ht502786-how-to-identify-your-windows-10-version-a-list-of-windows-10-versions,Human,0.9956
https://support.lenovo.com/pe/en/solutions/ht509328-how-to-show-or-hide-icons-on-your-taskbar-windows-10,Human,0.9995
https://support.lenovo.com/us/en/solutions/ht502786-how-to-identify-your-windows-10-version-a-list-of-windows-10-versions,Human,0.9956
https://support.lenovo.com/us/en/solutions/ht509044-how-to-enable-secure-boot-on-think-branded-systems-thinkpad-thinkstation-thinkcentre,Human,0.999
https://support.lenovo.com/us/en/solutions/ht509512-how-to-hide-the-taskbar-windows-10,Human,0.9985
https://support.lenovo.com/us/en/solutions/ht513478-how-to-identify-your-windows-11-version,Human,0.9985
https://support.lenovo.com/us/en/videos/nvid500327-windows-11-change-taskbar-alignment-lenovo-support-quick-tips,Human,0.999
https://support.practiceprotect.com/knowledge-base/adding-a-shared-mailbox-to-outlook,Human,0.9907
https://survivetheark.com/index.php,Human,0.9897
https://thetomatogarden.proboards.com/thread/252/san-marzano-thread,Human,0.9995
https://truthandtidings.com/2003/02/occupation-with-the-object,Human,0.999
https://wol.jw.org/en/wol/d/r1/lp-e/1101989303,Human,0.9995
https://wol.jw.org/en/wol/d/r1/lp-e/1200002598,Human,0.9985
https://www.9news.com/article/features/how-to-keep-rabbits-out-of-your-yard/73-447474003,Human,0.9995
https://www.adobe.com/acrobat/hub/add-a-signature-block-to-pdf.html,Human,0.9985
https://www.adobe.com/acrobat/hub/add-a-signature-to-a-form.html,Human,0.9946
https://www.adobe.com/acrobat/hub/edit-a-pdf-in-google-drive.html,Human,0.9834
https://www.adobe.com/acrobat/hub/how-to-compress-a-jpeg.html,Human,0.9741
https://www.adobe.com/acrobat/hub/how-to-compress-pdfs-windows-10.html,Human,0.9951
https://www.adobe.com/acrobat/hub/how-to-email-large-pdf-files.html,Human,0.998
https://www.adobe.com/acrobat/hub/how-to-flatten-a-pdf.html,Human,0.9985
https://www.adobe.com/acrobat/hub/merge-pdf-files-in-windows-10.html,Human,0.9888
https://www.adobe.com/acrobat/hub/why-is-pdf-so-big.html,Human,0.9976
https://www.adobe.com/acrobat/online/compress-pdf.html,Human,0.5752
https://www.adobe.com/acrobat/online/password-protect-pdf.html,AI,0.6426
https://www.adobe.com/acrobat/online/pdf-editor.html,Human,0.9976
https://www.adobe.com/acrobat/online/sign-pdf.html,Human,0.6152
https://www.adobe.com/au/acrobat/roc/blog/how-to-compress-pdf-1mb-less.html,Human,0.9995
https://www.adobe.com/au/acrobat/roc/blog/how-to-make-pdf-zip-file.html,Human,0.9956
https://www.adobe.com/au/creativecloud/roc/blog/photography/light-photography.html,Human,1
https://www.adobe.com/creativecloud/file-types/video/container/mkv.html,Human,0.9985
https://www.adobe.com/devnet-docs/acrobatetk/tools/releasenotesdc/index.html,Human,0.9995
https://www.adobe.com/express/feature/image/resize/jpg,Human,0.9897
https://www.adobe.com/in/acrobat/online/excel-to-pdf.html,AI,0.9893
https://www.adobe.com/uk/acrobat/online/compress-pdf.html,AI,0.9702
https://www.adobe.com/uk/acrobat/online/pdf-editor.html,Human,0.9941
https://www.adobe.com/uk/acrobat/resources/how-to-compress-pdf-to-1-mb-or-lower.html,Human,0.981
https://www.adobe.com/uk/acrobat/resources/print-pdf-iphone.html,Human,0.9995
https://www.akamai.com/glossary/what-is-a-network-switch,Human,0.9771
https://www.akamai.com/glossary/what-is-a-web-crawler,Human,0.9941
https://www.analog.com/en/resources/analog-dialogue/articles/ferrite-beads-demystified.html,Human,0.999
https://www.aphis.usda.gov/pet-travel,Human,0.9976
https://www.aphis.usda.gov/pet-travel/another-country-to-us-import,Human,0.9985
https://www.asos.com/us/asos-design/asos-design-satin-halter-maxi-dress-in-olive-green/prd/209024729,Human,0.9995
https://www.asos.com/us/asos-design/asos-design-shift-mini-dress-with-pockets-in-print/prd/208830717,Human,0.9985
https://www.asos.com/us/discover/size-charts/men/blazers,Human,0.9961
https://www.asos.com/us/discover/size-charts/men/suits-tailoring,Human,0.999
https://www.barnesandnoble.com/w/rms-carpathia-william-baird/1127080875,Human,0.9883
https://www.bestbuy.com/site/questions/cyberpowerpc-battlebox-ultimate-gaming-desktop-intel-core-i7-8700k-32gb-memory-nvidia-geforce-gtx-1080-ti-240gb-ssd-3tb-hdd-white/6128527/question/dd863672-a8c4-3ce6-8170-0e2cecd57529,Human,0.9995
https://www.bestbuy.com/site/questions/cyberpowerpc-gaming-desktop-amd-ryzen-7-3700x-16gb-memory-amd-radeon-rx-5700-2tb-hdd-240gb-ssd-black/6362433/question/7a756c54-aecc-373b-8b74-a9a9d6147aec,Human,0.9995
https://www.bestbuy.com/site/questions/dell-inspiron-15-6-laptop-intel-core-i3-6gb-memory-1tb-hard-drive-black/5835851/question/2afb1c84-54b0-3de3-8f0b-05a0c184fc7e,Human,0.9995
https://www.bestbuy.com/site/questions/dell-inspiron-15-6-laptop-intel-core-i5-12gb-memory-256gb-solid-state-drive/6460201/question/a40dad82-4855-34b0-b473-6379501b5f99,Human,0.999
https://www.bestbuy.com/site/questions/logitech-mk850-performance-full-size-wireless-keyboard-and-mouse-combo-for-pc-and-mac-black/5761911/question/851275ca-f7d5-3015-bad2-c2a8a22e92d8,Human,0.9995
https://www.bestbuy.com/site/questions/logitech-wave-keys-mk670-combo-ergonomic-wireless-keyboard-and-mouse-bundle-for-windows-mac-with-integrated-palm-rest-graphite/6554353/question/a370cecd-97ca-3b75-b613-df3d5f4a8650,Human,1
https://www.bestbuy.com/site/questions/samsung-stormwash-24-top-control-built-in-dishwasher/5325802/question/82784936-bf61-3250-8b62-f1f05f6e3a8b,Human,0.999
https://www.bhp.com/what-we-do/products/iron-ore,Human,0.9995
https://www.classification.gov.au/titles/squid-game-season-1,Human,0.998
https://www.clinique.com.au/skin-school-blog/how-find-perfect-red-lipstick-your-skin-tone-skin-school-clinique,Human,0.998
https://www.costco.com/cyberpowerpc-gamer-xtreme-gaming-desktop---13th-gen-intel-core-i5-13400f----geforce-rtx-4060%2c-black.product.4000202717.html,Human,0.9985
https://www.costco.com/cyberpowerpc-gamer-xtreme-gaming-desktop---intel-core-processor-i5-14400f---geforce-rtx-4060.product.4000251820.html,Human,0.998
https://www.costco.com/garden-center.html,Human,0.9946
https://www.costco.com/generac-home-standby-generators.html,Human,0.999
https://www.costco.com/join-costco.html,Human,0.9995
https://www.costco.com/mattress-toppers.html,Human,0.9897
https://www.costco.com/mattresses.html,Human,0.9961
https://www.costco.com/spas-pools.html,Human,0.9971
https://www.cvs.com/immunizations/shingles,Human,0.9995
https://www.cvs.com/shop/home-health-care/monitors/blood-pressure-monitors,Human,0.9956
https://www.dailymail.co.uk/femail/article-14846739/my-wife-sectioned-eight-months-marriage-pinned-floor-police-carried-away-men-white-coats-impact-bond-kids-heston-blumenthal.html,Human,0.9995
https://www.dailymail.co.uk/news/article-13927717/melania-trump-memoir-son-barron-autism-claim-book.html,Human,0.9995
https://www.dailymail.co.uk/news/los-angeles/index.html,Human,0.9937
https://www.dailymail.co.uk/tvshowbiz/article-6809127/teen-mom-2s-leah-messer-single-splitting-jason-jordan-second-time.html,Human,0.999
https://www.dcp.edu.gov.on.ca/en/transferable-skills/global-citizenship-and-sustainability,Human,0.999
https://www.devacetech.com/insights/what-is-node-js-and-why-use-it,Human,0.9932
https://www.dietaryguidelines.gov/food-sources-calcium,Human,0.9995
https://www.dyson.ie/discover/insights/cleaning/tips/how-to-declutter-and-organize-your-home,Human,0.9995
https://www.eatforhealth.gov.au/eating-well/healthy-eating-throughout-all-life/healthy-eating-infants-children-and-teenagers,Human,0.9995
https://www.eatforhealth.gov.au/guidelines/australian-dietary-guidelines-1-5,Human,0.9995
https://www.ebay.com/b/bridal-shower-party-favors-bag-fillers/26385/bn_7115661869,Human,0.9971
https://www.ebay.com/itm/326092425182,Human,0.998
https://www.ebay.com/itm/354723267060,Human,0.998
https://www.ebay.com/itm/356202764521,Human,0.9868
